t,t_cmd,p,v,t_fb
0.00276,0.0,11.56839,0.337,0.272
0.00540,0.0,11.56877,0.112,0.088
0.00811,0.0,11.56839,-0.220,0.053
0.01081,0.0,11.56724,-0.464,0.014
0.01353,0.0,11.56609,-0.415,-0.025
0.01623,0.0,11.56532,-0.298,0.006
0.01892,0.0,11.56417,-0.337,0.045
0.02162,0.0,11.56379,-0.317,-0.014
0.02433,0.0,11.56340,-0.161,-0.014
0.02703,0.0,11.56302,-0.054,-0.053
0.02972,0.0,11.56340,0.122,-0.021
0.03241,0.0,11.56379,0.112,-0.002
0.03508,0.0,11.56379,0.054,0.010
0.03776,0.0,11.56417,0.005,-0.018
0.04043,0.0,11.56379,-0.083,0.010
0.04310,0.0,11.56340,-0.083,0.010
0.04579,0.0,11.56302,-0.210,-0.010
0.04847,0.0,11.56302,-0.132,-0.029
0.05114,0.0,11.56264,-0.093,-0.014
0.05380,0.0,11.56264,-0.083,-0.041
0.05648,0.0,11.56264,-0.024,-0.002
0.05918,0.0,11.56225,-0.083,-0.018
0.06187,0.0,11.56225,-0.103,0.006
0.06457,0.0,11.56225,-0.073,-0.021
0.06729,0.0,11.56264,0.005,0.002
0.06997,0.0,11.56264,0.005,-0.018
0.07266,0.0,11.56225,-0.122,0.010
0.07533,0.0,11.56225,-0.103,-0.006
0.07801,0.0,11.56225,-0.103,-0.006
0.08069,0.0,11.56225,0.005,-0.006
0.08335,0.0,11.56225,-0.063,-0.002
0.08606,0.0,11.56225,-0.054,-0.002
0.08879,0.0,11.56225,-0.093,-0.021
0.09151,0.0,11.56225,-0.044,-0.010
0.09420,0.0,11.56225,-0.093,0.002
0.09691,0.0,11.56225,-0.015,0.018
0.09959,0.0,11.56225,0.034,0.010
0.10224,0.0,11.56225,0.015,0.014
0.10487,0.0,11.56225,0.024,0.037
0.10750,0.0,11.56187,-0.083,-0.002
0.11019,0.0,11.56149,-0.083,0.021
0.11287,0.0,11.56110,-0.269,0.068
0.11551,0.0,11.56034,-0.278,0.002
0.11816,0.0,11.55957,-0.327,-0.021
0.12082,0.0,11.55919,-0.103,0.014
0.12348,0.0,11.55919,0.083,-0.021
0.12613,0.0,11.55957,0.200,-0.021
0.12882,0.0,11.55995,0.190,0.010
0.13152,0.0,11.56034,0.103,-0.010
0.13420,0.0,11.55995,-0.024,0.064
0.13687,0.0,11.55957,-0.181,-0.002
0.13953,0.0,11.55957,-0.093,-0.021
0.14219,0.0,11.55957,0.034,-0.010
0.14487,0.0,11.55957,-0.015,0.033
0.14753,0.0,11.55957,0.044,-0.041
0.15020,0.0,11.55957,0.005,0.010
0.15286,0.0,11.55995,0.034,0.049
0.15561,0.0,11.55957,-0.024,-0.010
0.15834,0.0,11.55957,-0.093,-0.014
0.16103,0.0,11.55957,0.015,-0.006
0.16377,0.0,11.55957,0.044,-0.064
0.16647,0.0,11.55957,-0.015,0.037
0.16916,0.0,11.55995,-0.005,0.002
0.17187,0.0,11.55995,-0.005,0.014
0.17479,0.0,11.55957,0.015,-0.006
0.17755,0.0,11.55957,-0.063,-0.014
0.18030,0.0,11.55995,0.044,0.002
0.18297,0.0,11.55995,0.044,0.018
0.18565,0.0,11.55957,-0.034,0.006
0.18834,0.0,11.55995,0.034,-0.018
0.19105,0.0,11.55957,0.005,0.014
0.19376,0.0,11.55957,0.024,-0.025
0.19644,0.0,11.55957,-0.083,-0.010
0.19910,0.0,11.55995,0.083,-0.002
0.20177,0.0,11.55957,-0.083,0.029
0.20441,0.0,11.55957,-0.034,-0.006
0.20713,0.0,11.55957,-0.034,-0.014
0.20981,0.0,11.55957,-0.063,-0.037
0.21248,0.0,11.55995,0.054,-0.002
0.21512,0.0,11.55995,0.063,-0.018
0.21778,0.0,11.55957,-0.073,-0.002
0.22043,0.0,11.55957,-0.073,-0.006
0.22312,0.0,11.55957,0.024,-0.006
0.22584,0.0,11.55957,0.015,-0.010
0.22855,0.0,11.55957,-0.024,0.018
0.23131,0.0,11.55957,0.034,0.014
0.23400,0.0,11.55957,0.024,-0.061
0.23666,0.0,11.55957,0.044,-0.025
0.23938,0.0,11.55995,0.054,-0.014
0.24215,0.0,11.55995,-0.015,0.006
0.24495,0.0,11.55995,-0.034,-0.006
0.24765,0.0,11.55957,-0.054,-0.006
0.25034,0.0,11.55957,-0.054,-0.010
0.25302,0.0,11.55995,0.142,0.018
0.25578,0.0,11.55995,0.161,-0.025
0.25850,0.0,11.55995,0.122,-0.006
0.26118,0.0,11.55995,0.005,0.006
0.26388,0.0,11.55995,-0.034,0.006
0.26657,0.0,11.55957,-0.181,-0.006
0.26925,0.0,11.55957,-0.015,0.057
0.27194,0.0,11.55957,-0.073,0.014
0.27468,0.0,11.55957,0.005,-0.025
0.27734,0.0,11.55995,0.063,-0.018
0.28004,0.0,11.55957,-0.024,-0.025
0.28272,0.0,11.55995,0.005,-0.014
0.28541,0.0,11.55995,0.024,0.002
0.28812,0.0,11.55995,-0.063,-0.014
0.29082,0.0,11.55995,0.024,-0.014
0.29349,0.0,11.55995,-0.015,0.014
0.29616,0.0,11.55995,0.015,0.010
0.29882,0.0,11.55995,0.034,-0.014
0.30146,0.0,11.55995,0.044,-0.018
0.30410,0.3,11.55957,-0.083,0.010
0.30673,0.3,11.55995,0.190,0.232
0.30940,0.3,11.56072,0.347,0.256
0.31209,0.3,11.56187,0.337,0.279
0.31479,0.3,11.56379,0.747,0.291
0.31754,0.3,11.56570,0.728,0.260
0.32033,0.3,11.56800,0.855,0.272
0.32302,0.3,11.57069,0.904,0.295
0.32572,0.3,11.57260,0.767,0.315
0.32839,0.3,11.57490,0.806,0.342
0.33109,0.3,11.57682,0.620,0.326
0.33376,0.3,11.57797,0.405,0.315
0.33644,0.3,11.57874,0.278,0.346
0.33910,0.3,11.57950,0.073,0.322
0.34180,0.3,11.57912,-0.142,0.318
0.34450,0.3,11.57912,-0.103,0.291
0.34717,0.3,11.57912,0.054,0.307
0.34987,0.3,11.57912,0.093,0.295
0.35269,0.3,11.57950,0.171,0.279
0.35543,0.3,11.57988,0.132,0.299
0.35816,0.3,11.58027,0.083,0.275
0.36092,0.3,11.58065,0.142,0.303
0.36367,0.3,11.58142,0.210,0.322
0.36638,0.3,11.58218,0.239,0.295
0.36906,0.3,11.58295,0.269,0.283
0.37175,0.3,11.58333,0.151,0.322
0.37448,0.3,11.58333,0.034,0.275
0.37720,0.3,11.58333,-0.083,0.264
0.37989,0.3,11.58372,-0.005,0.295
0.38257,0.3,11.58372,0.054,0.275
0.38524,0.3,11.58333,-0.034,0.279
0.38791,0.3,11.58372,-0.024,0.291
0.39059,0.3,11.58372,0.044,0.303
0.39326,0.3,11.58333,-0.044,0.268
0.39596,0.3,11.58372,0.063,0.307
0.39864,0.3,11.58372,-0.034,0.315
0.40133,0.3,11.58372,-0.044,0.303
0.40402,-0.3,11.58372,-0.112,0.275
0.40672,-0.3,11.58333,-0.278,-0.154
0.40938,-0.3,11.58142,-0.737,-0.217
0.41205,-0.3,11.57797,-1.284,-0.244
0.41472,-0.3,11.57414,-1.499,-0.299
0.41737,-0.3,11.56954,-1.773,-0.295
0.42003,-0.3,11.56532,-1.636,-0.315
0.42274,-0.3,11.55957,-1.490,-0.303
0.42543,-0.3,11.55612,-4.557,-0.303
0.42812,-0.3,11.55497,-1.284,-0.303
0.43086,-0.3,11.55459,-0.171,-0.303
0.43356,-0.3,11.55535,0.376,-0.303
0.43632,-0.3,11.55689,0.542,-0.303
0.43901,-0.3,11.55804,0.542,-0.303
0.44168,-0.3,11.55957,0.523,-0.303
0.44435,-0.3,11.56034,0.288,-0.303
0.44704,-0.3,11.56072,-0.103,-0.303
0.44970,-0.3,11.55957,-0.435,-0.303
0.45236,-0.3,11.55842,-0.337,-0.303
0.45509,-0.3,11.55727,-0.396,-0.303
0.45781,-0.3,11.55612,-0.396,-0.303
0.46050,-0.3,11.55497,-0.386,-0.303
0.46321,-0.3,11.55420,-0.220,-0.303
0.46592,-0.3,11.55344,-0.317,-0.303
0.46868,-0.3,11.55305,-0.161,-0.303
0.47136,-0.3,11.55267,-0.103,-0.303
0.47401,-0.3,11.55229,0.005,-0.303
0.47669,-0.3,11.55267,-0.015,-0.303
0.47936,-0.3,11.55267,0.015,-0.303
0.48200,-0.3,11.55267,-0.034,-0.303
0.48463,-0.3,11.55229,-0.132,-0.303
0.48729,-0.3,11.55229,-0.024,-0.303
0.48996,-0.3,11.55229,-0.005,-0.303
0.49265,-0.3,11.55229,0.034,-0.303
0.49529,-0.3,11.55229,0.005,-0.303
0.49796,-0.3,11.55229,0.034,-0.303
0.50064,-0.3,11.55229,0.024,-0.303
0.50335,0.3,11.55229,0.015,-0.303
0.50605,0.3,11.55229,-0.034,-0.303
0.50873,0.3,11.55229,-0.024,-0.303
0.51140,0.3,11.55229,0.103,-0.303
0.51409,0.3,11.55229,0.083,-0.303
0.51674,0.3,11.55229,-0.015,-0.303
0.51942,0.3,11.55229,-0.034,-0.303
0.52209,0.3,11.55229,0.034,-0.303
0.52476,0.3,11.55229,-0.015,-0.303
0.52746,0.3,11.55229,0.044,-0.303
0.53015,0.3,11.55267,0.103,-0.303
0.53285,0.3,11.55229,0.024,-0.303
0.53554,0.3,11.55229,-0.015,-0.303
0.53821,0.3,11.55229,-0.063,-0.303
0.54089,0.3,11.55267,0.054,-0.303
0.54360,0.3,11.55267,-0.015,-0.303
0.54630,0.3,11.55267,-0.005,-0.303
0.54899,0.3,11.55267,-0.034,-0.303
0.55165,0.3,11.55267,-0.005,-0.303
0.55436,0.3,11.55267,-0.015,-0.303
0.55704,0.3,11.55267,-0.054,-0.303
0.55973,0.3,11.55267,-0.054,-0.303
0.56241,0.3,11.55267,0.054,-0.303
0.56509,0.3,11.55267,0.112,-0.303
0.56776,0.3,11.55267,-0.005,-0.303
0.57041,0.3,11.55267,-0.073,-0.303
0.57305,0.3,11.55267,-0.044,-0.303
0.57574,0.3,11.55267,0.024,-0.303
0.57844,0.3,11.55267,0.024,-0.303
0.58120,0.3,11.55267,-0.024,-0.303
0.58388,0.3,11.55267,-0.015,-0.303
0.58657,0.3,11.55267,-0.034,-0.303
0.58927,0.3,11.55267,-0.005,-0.303
0.59199,0.3,11.55267,0.005,-0.303
0.59470,0.3,11.55229,-0.063,-0.303
0.59740,0.3,11.55267,0.063,-0.303
0.60009,0.3,11.55267,0.063,-0.303
0.60277,-0.3,11.55267,0.034,-0.303
0.60551,-0.3,11.55267,0.024,-0.303
0.60820,-0.3,11.55267,0.005,-0.303
0.61089,-0.3,11.55267,-0.015,-0.303
0.61359,-0.3,11.55267,-0.034,-0.303
0.61632,-0.3,11.55267,-0.005,-0.303
0.61899,-0.3,11.55229,-0.132,-0.303
0.62166,-0.3,11.55229,-0.034,-0.303
0.62433,-0.3,11.55229,-0.063,-0.303
0.62703,-0.3,11.55267,0.015,-0.303
0.62970,-0.3,11.55267,0.073,-0.303
0.63237,-0.3,11.55267,-0.005,-0.303
0.63505,-0.3,11.55267,0.024,-0.303
0.63772,-0.3,11.55267,0.005,-0.303
0.64039,-0.3,11.55267,0.083,-0.303
0.64305,-0.3,11.55267,0.015,-0.303
0.64575,-0.3,11.55267,0.015,-0.303
0.64853,-0.3,11.55267,0.034,-0.303
0.65130,-0.3,11.55229,-0.063,-0.303
0.65403,-0.3,11.55267,0.044,-0.303
0.65671,-0.3,11.55267,0.015,-0.303
0.65939,-0.3,11.55267,0.093,-0.303
0.66209,-0.3,11.55229,-0.005,-0.303
0.66478,-0.3,11.55229,-0.063,-0.303
0.66752,-0.3,11.55229,-0.015,-0.303
0.67030,-0.3,11.55229,0.015,-0.303
0.67299,-0.3,11.55229,-0.024,-0.303
0.67567,-0.3,11.55229,-0.044,-0.303
0.67836,-0.3,11.55229,-0.093,-0.303
0.68107,-0.3,11.55229,0.015,-0.303
0.68373,-0.3,11.55229,-0.044,-0.303
0.68637,-0.3,11.55229,-0.015,-0.303
0.68903,-0.3,11.55229,-0.024,-0.303
0.69172,-0.3,11.55229,-0.044,-0.303
0.69442,-0.3,11.55229,-0.034,-0.303
0.69712,-0.3,11.55229,0.015,-0.303
0.69982,-0.3,11.55229,-0.015,-0.303
0.70251,-0.3,11.55229,-0.005,-0.303
0.70520,0.3,11.55229,-0.181,-0.303
0.70790,0.3,11.55229,-0.015,-0.303
0.71060,0.3,11.55229,-0.015,-0.303
0.71328,0.3,11.55229,-0.073,-0.303
0.71602,0.3,11.55229,-0.015,-0.303
0.71867,0.3,11.55229,0.015,-0.303
0.72136,0.3,11.55229,-0.015,-0.303
0.72407,0.3,11.55267,0.083,-0.303
0.72679,0.3,11.55229,-0.034,-0.303
0.72962,0.3,11.55229,-0.024,-0.303
0.73235,0.3,11.55229,-0.044,-0.303
0.73505,0.3,11.55229,-0.005,-0.303
0.73779,0.3,11.55267,0.093,-0.303
0.74050,0.3,11.55267,0.063,-0.303
0.74326,0.3,11.55267,0.044,-0.303
0.74593,0.3,11.55267,0.112,-0.303
0.74866,0.3,11.55229,-0.015,-0.303
0.75133,0.3,11.55267,0.044,-0.303
0.75401,0.3,11.55229,-0.005,-0.303
0.75669,0.3,11.55267,0.024,-0.303
0.75940,0.3,11.55267,0.005,-0.303
0.76208,0.3,11.55229,-0.073,-0.303
0.76479,0.3,11.55229,-0.044,-0.303
0.76755,0.3,11.55229,-0.024,-0.303
0.77026,0.3,11.55229,-0.171,-0.303
0.77295,0.3,11.55229,-0.112,-0.303
0.77561,0.3,11.55267,0.073,-0.303
0.77835,0.3,11.55229,-0.024,-0.303
0.78105,0.3,11.55267,0.044,-0.303
0.78372,0.3,11.55267,0.015,-0.303
0.78642,0.3,11.55267,0.093,-0.303
0.78912,0.3,11.55229,-0.024,-0.303
0.79180,0.3,11.55229,-0.034,-0.303
0.79449,0.3,11.55229,0.005,-0.303
0.79718,0.3,11.55229,0.024,-0.303
0.79987,0.3,11.55267,0.093,-0.303
0.80254,0.3,11.55229,-0.151,-0.303
0.80523,-0.3,11.55229,-0.151,-0.303
0.80796,-0.3,11.55229,0.005,-0.303
0.81066,-0.3,11.55229,-0.005,-0.303
0.81333,-0.3,11.55229,-0.044,-0.303
0.81600,-0.3,11.55229,0.005,-0.303
0.81869,-0.3,11.55229,0.015,-0.303
0.82141,-0.3,11.55229,-0.151,-0.303
0.82411,-0.3,11.55267,0.034,-0.303
0.82682,-0.3,11.55229,0.015,-0.303
0.82952,-0.3,11.55229,-0.054,-0.303
0.83221,-0.3,11.55229,0.024,-0.303
0.83486,-0.3,11.55229,0.034,-0.303
0.83754,-0.3,11.55229,0.005,-0.303
0.84020,-0.3,11.55267,0.015,-0.303
0.84289,-0.3,11.55229,-0.034,-0.303
0.84554,-0.3,11.55229,-0.005,-0.303
0.84823,-0.3,11.55267,0.024,-0.303
0.85091,-0.3,11.55229,-0.024,-0.303
0.85360,-0.3,11.55229,0.005,-0.303
0.85630,-0.3,11.55267,0.093,-0.303
0.85900,-0.3,11.55267,0.054,-0.303
0.86169,-0.3,11.55229,0.005,-0.303
0.86438,-0.3,11.55229,-0.024,-0.303
0.86708,-0.3,11.55267,0.083,-0.303
0.86978,-0.3,11.55267,0.034,-0.303
0.87247,-0.3,11.55229,-0.005,-0.303
0.87514,-0.3,11.55229,-0.034,-0.303
0.87783,-0.3,11.55229,-0.063,-0.303
0.88050,-0.3,11.55229,-0.073,-0.303
0.88316,-0.3,11.55229,-0.073,-0.303
0.88584,-0.3,11.55267,0.034,-0.303
0.88855,-0.3,11.55229,-0.054,-0.303
0.89126,-0.3,11.55229,-0.083,-0.303
0.89393,-0.3,11.55267,0.073,-0.303
0.89664,-0.3,11.55267,0.073,-0.303
0.89935,-0.3,11.55267,0.103,-0.303
0.90205,-0.3,11.55229,-0.063,-0.303
0.90474,0.3,11.55267,0.044,-0.303
0.90759,0.3,11.55229,-0.073,-0.303
0.91037,0.3,11.55267,0.034,-0.303
0.91307,0.3,11.55229,-0.103,-0.303
0.91576,0.3,11.55229,-0.093,-0.303
0.91844,0.3,11.55267,0.005,-0.303
0.92113,0.3,11.55267,0.073,-0.303
0.92385,0.3,11.55229,-0.044,-0.303
0.92654,0.3,11.55267,-0.034,-0.303
0.92924,0.3,11.55267,-0.005,-0.303
0.93194,0.3,11.55267,0.093,-0.303
0.93463,0.3,11.55267,0.103,-0.303
0.93732,0.3,11.55267,-0.005,-0.303
0.94000,0.3,11.55229,-0.112,-0.303
0.94269,0.3,11.55267,0.044,-0.303
0.94536,0.3,11.55229,-0.073,-0.303
0.94803,0.3,11.55267,0.015,-0.303
0.95068,0.3,11.55267,-0.015,-0.303
0.95335,0.3,11.55267,-0.005,-0.303
0.95605,0.3,11.55267,0.005,-0.303
0.95873,0.3,11.55229,-0.122,-0.303
0.96142,0.3,11.55267,0.054,-0.303
0.96411,0.3,11.55267,-0.024,-0.303
0.96682,0.3,11.55267,0.073,-0.303
0.96952,0.3,11.55267,0.005,-0.303
0.97223,0.3,11.55267,0.005,-0.303
0.97494,0.3,11.55267,0.063,-0.303
0.97766,0.3,11.55267,0.161,-0.303
0.98036,0.3,11.55267,0.015,-0.303
0.98309,0.3,11.55267,-0.005,-0.303
0.98577,0.3,11.55267,0.044,-0.303
0.98844,0.3,11.55267,-0.044,-0.303
0.99112,0.3,11.55267,0.054,-0.303
0.99379,0.3,11.55267,0.112,-0.303
0.99648,0.3,11.55267,-0.044,-0.303
0.99914,0.3,11.55267,0.015,-0.303
1.00178,0.3,11.55267,0.034,-0.303
1.00443,-0.3,11.55267,-0.034,-0.303
1.00706,-0.3,11.55267,0.015,-0.303
1.00971,-0.3,11.55267,-0.054,-0.303
1.01239,-0.3,11.55267,-0.034,-0.303
1.01506,-0.3,11.55267,-0.005,-0.303
1.01772,-0.3,11.55267,-0.044,-0.303
1.02038,-0.3,11.55267,0.024,-0.303
1.02308,-0.3,11.55267,0.024,-0.303
1.02581,-0.3,11.55267,-0.024,-0.303
1.02851,-0.3,11.55267,0.054,-0.303
1.03124,-0.3,11.55267,-0.024,-0.303
1.03405,-0.3,11.55267,0.015,-0.303
1.03674,-0.3,11.55267,0.054,-0.303
1.03944,-0.3,11.55229,-0.073,-0.303
1.04228,-0.3,11.55267,0.083,-0.303
1.04502,-0.3,11.55267,-0.024,-0.303
1.04769,-0.3,11.55267,0.034,-0.303
1.05035,-0.3,11.55267,-0.015,-0.303
1.05299,-0.3,11.55267,-0.024,-0.303
1.05563,-0.3,11.55267,-0.044,-0.303
1.05831,-0.3,11.55267,0.054,-0.303
1.06097,-0.3,11.55267,-0.034,-0.303
1.06361,-0.3,11.55267,0.015,-0.303
1.06623,-0.3,11.55267,0.005,-0.303
1.06886,-0.3,11.55267,-0.073,-0.303
1.07148,-0.3,11.55267,0.015,-0.303
1.07411,-0.3,11.55267,0.024,-0.303
1.07674,-0.3,11.55267,0.054,-0.303
1.07937,-0.3,11.55267,-0.024,-0.303
1.08200,-0.3,11.55267,-0.044,-0.303
1.08463,-0.3,11.55267,0.005,-0.303
1.08727,-0.3,11.55267,0.054,-0.303
1.08994,-0.3,11.55267,-0.005,-0.303
1.09264,-0.3,11.55267,-0.073,-0.303
1.09527,-0.3,11.55267,0.005,-0.303
1.09792,-0.3,11.55267,0.034,-0.303
1.10061,-0.3,11.55267,0.005,-0.303
1.10324,0.3,11.55267,0.063,-0.303
1.10587,0.3,11.55267,0.015,-0.303
1.10861,0.3,11.55267,-0.073,-0.303
1.11132,0.3,11.55267,0.005,-0.303
1.11397,0.3,11.55267,0.015,-0.303
1.11663,0.3,11.55267,0.015,-0.303
1.11927,0.3,11.55229,-0.103,-0.303
1.12192,0.3,11.55267,0.044,-0.303
1.12455,0.3,11.55267,-0.054,-0.303
1.12720,0.3,11.55229,-0.103,-0.303
1.12987,0.3,11.55267,-0.054,-0.303
1.13254,0.3,11.55267,-0.034,-0.303
1.13520,0.3,11.55267,0.093,-0.303
1.13783,0.3,11.55267,-0.005,-0.303
1.14047,0.3,11.55267,-0.015,-0.303
1.14314,0.3,11.55267,0.015,-0.303
1.14580,0.3,11.55267,-0.063,-0.303
1.14848,0.3,11.55267,0.005,-0.303
1.15115,0.3,11.55267,-0.015,-0.303
1.15381,0.3,11.55267,0.034,-0.303
1.15649,0.3,11.55267,-0.073,-0.303
1.15916,0.3,11.55267,0.024,-0.303
1.16181,0.3,11.55267,0.122,-0.303
1.16444,0.3,11.55267,-0.024,-0.303
1.16707,0.3,11.55267,-0.034,-0.303
1.16969,0.3,11.55267,0.005,-0.303
1.17232,0.3,11.55267,0.024,-0.303
1.17502,0.3,11.55267,0.024,-0.303
1.17771,0.3,11.55267,-0.044,-0.303
1.18035,0.3,11.55267,0.024,-0.303
1.18304,0.3,11.55267,0.024,-0.303
1.18573,0.3,11.55267,0.005,-0.303
1.18840,0.3,11.55267,-0.034,-0.303
1.19107,0.3,11.55267,-0.024,-0.303
1.19372,0.3,11.55229,-0.122,-0.303
1.19636,0.3,11.55267,0.015,-0.303
1.19898,0.3,11.55267,0.034,-0.303
1.20161,0.3,11.55267,0.024,-0.303
1.20427,-0.3,11.55267,0.015,-0.303
1.20696,-0.3,11.55267,-0.005,-0.303
1.20965,-0.3,11.55267,-0.015,-0.303
1.21233,-0.3,11.55229,-0.093,-0.303
1.21499,-0.3,11.55267,0.024,-0.303
1.21763,-0.3,11.55267,0.005,-0.303
1.22028,-0.3,11.55267,-0.015,-0.303
1.22296,-0.3,11.55267,0.024,-0.303
1.22563,-0.3,11.55267,-0.015,-0.303
1.22827,-0.3,11.55267,0.063,-0.303
1.23090,-0.3,11.55267,-0.015,-0.303
1.23353,-0.3,11.55267,0.005,-0.303
1.23620,-0.3,11.55267,-0.005,-0.303
1.23887,-0.3,11.55267,-0.024,-0.303
1.24155,-0.3,11.55267,-0.044,-0.303
1.24423,-0.3,11.55267,-0.024,-0.303
1.24687,-0.3,11.55229,-0.122,-0.303
1.24966,-0.3,11.55267,-0.034,-0.303
1.25231,-0.3,11.55267,0.024,-0.303
1.25496,-0.3,11.55267,0.063,-0.303
1.25769,-0.3,11.55267,-0.054,-0.303
1.26040,-0.3,11.55267,-0.073,-0.303
1.26310,-0.3,11.55267,0.054,-0.303
1.26577,-0.3,11.55267,-0.005,-0.303
1.26840,-0.3,11.55267,-0.005,-0.303
1.27103,-0.3,11.55229,-0.103,-0.303
1.27366,-0.3,11.55267,0.054,-0.303
1.27634,-0.3,11.55267,-0.073,-0.303
1.27900,-0.3,11.55267,-0.034,-0.303
1.28164,-0.3,11.55229,-0.112,-0.303
1.28425,-0.3,11.55267,0.024,-0.303
1.28685,-0.3,11.55267,-0.024,-0.303
1.28953,-0.3,11.55267,0.005,-0.303
1.29223,-0.3,11.55229,-0.112,-0.303
1.29490,-0.3,11.55267,0.044,-0.303
1.29754,-0.3,11.55267,-0.005,-0.303
1.30017,-0.3,11.55267,-0.034,-0.303
1.30280,0.3,11.55267,-0.034,-0.303
1.30545,0.3,11.55267,-0.015,-0.303
1.30814,0.3,11.55267,-0.015,-0.303
1.31082,0.3,11.55267,0.005,-0.303
1.31347,0.3,11.55267,0.063,-0.303
1.31614,0.3,11.55267,0.073,-0.303
1.31879,0.3,11.55267,-0.015,-0.303
1.32148,0.3,11.55267,0.044,-0.303
1.32413,0.3,11.55267,-0.063,-0.303
1.32677,0.3,11.55267,0.034,-0.303
1.32941,0.3,11.55267,-0.073,-0.303
1.33207,0.3,11.55267,-0.024,-0.303
1.33470,0.3,11.55267,0.083,-0.303
1.33733,0.3,11.55229,-0.063,-0.303
1.33995,0.3,11.55267,0.054,-0.303
1.34257,0.3,11.55267,-0.063,-0.303
1.34523,0.3,11.55267,0.005,-0.303
1.34788,0.3,11.55267,0.054,-0.303
1.35055,0.3,11.55267,-0.015,-0.303
1.35322,0.3,11.55229,-0.132,-0.303
1.35591,0.3,11.55267,-0.063,-0.303
1.35860,0.3,11.55267,0.015,-0.303
1.36128,0.3,11.55267,-0.054,-0.303
1.36395,0.3,11.55229,-0.142,-0.303
1.36663,0.3,11.55267,-0.015,-0.303
1.36929,0.3,11.55267,-0.054,-0.303
1.37193,0.3,11.55267,0.063,-0.303
1.37462,0.3,11.55267,-0.005,-0.303
1.37735,0.3,11.55267,0.044,-0.303
1.38005,0.3,11.55229,-0.083,-0.303
1.38288,0.3,11.55267,0.015,-0.303
1.38555,0.3,11.55267,0.034,-0.303
1.38823,0.3,11.55267,-0.024,-0.303
1.39090,0.3,11.55267,-0.054,-0.303
1.39359,0.3,11.55267,0.015,-0.303
1.39625,0.3,11.55267,0.015,-0.303
1.39891,0.3,11.55267,0.063,-0.303
1.40159,0.3,11.55267,-0.024,-0.303
1.40427,-0.3,11.55267,0.024,-0.303
1.40694,-0.3,11.55267,0.005,-0.303
1.40957,-0.3,11.55267,-0.034,-0.303
1.41221,-0.3,11.55267,-0.005,-0.303
1.41487,-0.3,11.55267,-0.063,-0.303
1.41750,-0.3,11.55267,-0.063,-0.303
1.42014,-0.3,11.55267,0.063,-0.303
1.42281,-0.3,11.55267,-0.024,-0.303
1.42547,-0.3,11.55229,-0.093,-0.303
1.42815,-0.3,11.55267,-0.063,-0.303
1.43082,-0.3,11.55267,-0.073,-0.303
1.43347,-0.3,11.55267,0.015,-0.303
1.43615,-0.3,11.55267,0.044,-0.303
1.43882,-0.3,11.55267,0.034,-0.303
1.44152,-0.3,11.55267,-0.024,-0.303
1.44425,-0.3,11.55267,0.044,-0.303
1.44694,-0.3,11.55267,-0.005,-0.303
1.44968,-0.3,11.55267,0.024,-0.303
1.45236,-0.3,11.55229,-0.083,-0.303
1.45506,-0.3,11.55267,-0.034,-0.303
1.45774,-0.3,11.55267,-0.024,-0.303
1.46043,-0.3,11.55267,-0.015,-0.303
1.46311,-0.3,11.55267,0.024,-0.303
1.46580,-0.3,11.55267,0.073,-0.303
1.46848,-0.3,11.55267,-0.005,-0.303
1.47115,-0.3,11.55267,0.083,-0.303
1.47384,-0.3,11.55229,-0.054,-0.303
1.47649,-0.3,11.55267,-0.044,-0.303
1.47918,-0.3,11.55267,-0.005,-0.303
1.48195,-0.3,11.55267,-0.034,-0.303
1.48497,-0.3,11.55267,0.044,-0.303
1.48767,-0.3,11.55267,-0.044,-0.303
1.49034,-0.3,11.55229,-0.083,-0.303
1.49301,-0.3,11.55267,-0.044,-0.303
1.49569,-0.3,11.55267,-0.044,-0.303
1.49837,-0.3,11.55267,0.034,-0.303
1.50105,-0.3,11.55267,0.034,-0.303
1.50375,0.3,11.55267,0.054,-0.303
1.50644,0.3,11.55267,0.024,-0.303
1.50913,0.3,11.55267,0.034,-0.303
1.51180,0.3,11.55267,0.103,-0.303
1.51447,0.3,11.55229,-0.083,-0.303
1.51714,0.3,11.55267,0.024,-0.303
1.51981,0.3,11.55267,-0.063,-0.303
1.52250,0.3,11.55267,-0.005,-0.303
1.52521,0.3,11.55267,-0.024,-0.303
1.52790,0.3,11.55267,0.063,-0.303
1.53058,0.3,11.55229,-0.103,-0.303
1.53326,0.3,11.55267,-0.005,-0.303
1.53595,0.3,11.55267,-0.024,-0.303
1.53863,0.3,11.55267,-0.024,-0.303
1.54136,0.3,11.55267,-0.015,-0.303
1.54408,0.3,11.55267,-0.015,-0.303
1.54676,0.3,11.55267,0.015,-0.303
1.54947,0.3,11.55267,-0.005,-0.303
1.55222,0.3,11.55229,-0.083,-0.303
1.55490,0.3,11.55267,0.015,-0.303
1.55758,0.3,11.55267,-0.015,-0.303
1.56025,0.3,11.55229,-0.054,-0.303
1.56293,0.3,11.55267,-0.034,-0.303
1.56559,0.3,11.55267,0.073,-0.303
1.56825,0.3,11.55267,0.034,-0.303
1.57093,0.3,11.55267,0.034,-0.303
1.57361,0.3,11.55229,-0.054,-0.303
1.57631,0.3,11.55267,-0.015,-0.303
1.57898,0.3,11.55267,0.005,-0.303
1.58163,0.3,11.55267,-0.015,-0.303
1.58434,0.3,11.55267,-0.044,-0.303
1.58705,0.3,11.55267,0.024,-0.303
1.58976,0.3,11.55267,-0.024,-0.303
1.59247,0.3,11.55267,-0.005,-0.303
1.59517,0.3,11.55267,0.083,-0.303
1.59785,0.3,11.55267,-0.034,-0.303
1.60054,0.3,11.55267,0.103,-0.303
1.60327,-0.3,11.55229,-0.044,-0.303
1.60596,-0.3,11.55267,0.005,-0.303
1.60866,-0.3,11.55267,0.054,-0.303
1.61134,-0.3,11.55267,0.005,-0.303
1.61404,-0.3,11.55267,0.054,-0.303
1.61669,-0.3,11.55267,0.024,-0.303
1.61938,-0.3,11.55267,0.034,-0.303
1.62209,-0.3,11.55229,-0.063,-0.303
1.62478,-0.3,11.55267,-0.034,-0.303
1.62747,-0.3,11.55229,-0.063,-0.303
1.63017,-0.3,11.55267,-0.005,-0.303
1.63289,-0.3,11.55229,-0.063,-0.303
1.63559,-0.3,11.55229,-0.083,-0.303
1.63827,-0.3,11.55267,0.083,-0.303
1.64104,-0.3,11.55229,-0.063,-0.303
1.64379,-0.3,11.55267,0.044,-0.303
1.64649,-0.3,11.55267,0.083,-0.303
1.64932,-0.3,11.55267,-0.015,-0.303
1.65202,-0.3,11.55267,0.063,-0.303
1.65471,-0.3,11.55267,0.112,-0.303
1.65741,-0.3,11.55229,-0.054,-0.303
1.66010,-0.3,11.55267,0.044,-0.303
1.66275,-0.3,11.55267,0.034,-0.303
1.66539,-0.3,11.55267,0.044,-0.303
1.66806,-0.3,11.55267,-0.034,-0.303
1.67072,-0.3,11.55267,-0.034,-0.303
1.67335,-0.3,11.55267,0.073,-0.303
1.67604,-0.3,11.55267,0.024,-0.303
1.67871,-0.3,11.55229,-0.073,-0.303
1.68137,-0.3,11.55267,0.015,-0.303
1.68405,-0.3,11.55229,-0.073,-0.303
1.68675,-0.3,11.55267,-0.044,-0.303
1.68943,-0.3,11.55267,0.005,-0.303
1.69210,-0.3,11.55267,0.015,-0.303
1.69479,-0.3,11.55267,-0.034,-0.303
1.69749,-0.3,11.55267,-0.054,-0.303
1.70017,-0.3,11.55267,0.093,-0.303
1.70305,0.3,11.55229,-0.073,-0.303
1.70569,0.3,11.55267,0.005,-0.303
1.70833,0.3,11.55229,-0.044,-0.303
1.71104,0.3,11.55267,0.034,-0.303
1.71373,0.3,11.55267,0.005,-0.303
1.71640,0.3,11.55267,0.034,-0.303
1.71908,0.3,11.55267,-0.044,-0.303
1.72176,0.3,11.55267,-0.005,-0.303
1.72446,0.3,11.55267,-0.024,-0.303
1.72715,0.3,11.55267,0.034,-0.303
1.72988,0.3,11.55229,-0.112,-0.303
1.73262,0.3,11.55267,-0.034,-0.303
1.73532,0.3,11.55267,0.034,-0.303
1.73802,0.3,11.55267,0.034,-0.303
1.74101,0.3,11.55267,0.054,-0.303
1.74371,0.3,11.55267,0.015,-0.303
1.74640,0.3,11.55267,-0.024,-0.303
1.74909,0.3,11.55267,0.015,-0.303
1.75176,0.3,11.55267,-0.015,-0.303
1.75447,0.3,11.55267,0.044,-0.303
1.75715,0.3,11.55229,-0.093,-0.303
1.75983,0.3,11.55267,-0.034,-0.303
1.76255,0.3,11.55267,0.093,-0.303
1.76523,0.3,11.55229,-0.112,-0.303
1.76790,0.3,11.55267,-0.044,-0.303
1.77056,0.3,11.55229,-0.083,-0.303
1.77320,0.3,11.55229,-0.073,-0.303
1.77585,0.3,11.55267,-0.034,-0.303
1.77851,0.3,11.55267,-0.024,-0.303
1.78118,0.3,11.55267,0.034,-0.303
1.78384,0.3,11.55229,-0.112,-0.303
1.78658,0.3,11.55267,-0.005,-0.303
1.78930,0.3,11.55267,-0.005,-0.303
1.79198,0.3,11.55267,0.005,-0.303
1.79468,0.3,11.55267,0.015,-0.303
1.79743,0.3,11.55267,-0.015,-0.303
1.80013,0.3,11.55267,-0.044,-0.303
1.80280,-0.3,11.55267,0.024,-0.303
1.80546,-0.3,11.55267,0.024,-0.303
1.80818,-0.3,11.55229,-0.083,-0.303
1.81095,-0.3,11.55267,-0.044,-0.303
1.81363,-0.3,11.55267,-0.015,-0.303
1.81630,-0.3,11.55267,0.015,-0.303
1.81900,-0.3,11.55267,0.024,-0.303
1.82172,-0.3,11.55267,0.015,-0.303
1.82443,-0.3,11.55267,-0.044,-0.303
1.82712,-0.3,11.55267,-0.024,-0.303
1.82980,-0.3,11.55267,-0.005,-0.303
1.83247,-0.3,11.55229,-0.103,-0.303
1.83513,-0.3,11.55267,0.083,-0.303
1.83780,-0.3,11.55267,0.093,-0.303
1.84051,-0.3,11.55267,0.034,-0.303
1.84326,-0.3,11.55267,0.083,-0.303
1.84594,-0.3,11.55229,-0.063,-0.303
1.84864,-0.3,11.55267,-0.024,-0.303
1.85132,-0.3,11.55267,0.054,-0.303
1.85398,-0.3,11.55267,-0.054,-0.303
1.85662,-0.3,11.55267,0.083,-0.303
1.85930,-0.3,11.55267,-0.015,-0.303
1.86196,-0.3,11.55267,-0.054,-0.303
1.86469,-0.3,11.55267,-0.015,-0.303
1.86739,-0.3,11.55229,-0.063,-0.303
1.87003,-0.3,11.55267,0.015,-0.303
1.87262,-0.3,11.55267,-0.034,-0.303
1.87529,-0.3,11.55267,-0.005,-0.303
1.87799,-0.3,11.55267,0.063,-0.303
1.88066,-0.3,11.55267,-0.005,-0.303
1.88334,-0.3,11.55267,0.024,-0.303
1.88603,-0.3,11.55229,-0.044,-0.303
1.88885,-0.3,11.55267,0.054,-0.303
1.89157,-0.3,11.55267,-0.024,-0.303
1.89435,-0.3,11.55267,0.034,-0.303
1.89711,-0.3,11.55267,0.005,-0.303
1.89983,-0.3,11.55267,0.063,-0.303
1.90251,-0.3,11.55267,0.005,-0.303
1.90515,0.3,11.55229,-0.063,-0.303
1.90785,0.3,11.55229,-0.054,-0.303
1.91058,0.3,11.55267,0.015,-0.303
1.91329,0.3,11.55267,0.015,-0.303
1.91599,0.3,11.55229,-0.054,-0.303
1.91870,0.3,11.55229,-0.034,-0.303
1.92140,0.3,11.55267,0.005,-0.303
1.92410,0.3,11.55229,-0.024,-0.303
1.92682,0.3,11.55267,0.122,-0.303
1.92952,0.3,11.55267,0.015,-0.303
1.93221,0.3,11.55229,-0.044,-0.303
1.93490,0.3,11.55229,-0.054,-0.303
1.93761,0.3,11.55229,-0.073,-0.303
1.94031,0.3,11.55229,-0.073,-0.303
1.94302,0.3,11.55267,0.015,-0.303
1.94568,0.3,11.55267,0.015,-0.303
1.94832,0.3,11.55267,0.054,-0.303
1.95100,0.3,11.55229,-0.015,-0.303
1.95372,0.3,11.55229,-0.063,-0.303
1.95640,0.3,11.55229,-0.015,-0.303
1.95909,0.3,11.55267,0.024,-0.303
1.96176,0.3,11.55267,0.063,-0.303
1.96445,0.3,11.55229,-0.054,-0.303
1.96710,0.3,11.55229,0.005,-0.303
1.96977,0.3,11.55229,-0.112,-0.303
1.97244,0.3,11.55229,-0.054,-0.303
1.97511,0.3,11.55267,0.024,-0.303
1.97780,0.3,11.55229,-0.093,-0.303
1.98049,0.3,11.55229,0.015,-0.303
1.98317,0.3,11.55229,-0.073,-0.303
1.98585,0.3,11.55229,-0.024,-0.303
1.98855,0.3,11.55229,0.005,-0.303
1.99123,0.3,11.55267,0.054,-0.303
1.99393,0.3,11.55267,0.024,-0.303
1.99664,0.3,11.55267,0.005,-0.303
1.99932,0.3,11.55267,0.005,-0.303
2.00201,0.3,11.55267,0.024,-0.303
2.00469,-0.3,11.55229,0.005,-0.303
2.00738,-0.3,11.55267,0.034,-0.303
2.01011,-0.3,11.55267,0.034,-0.303
2.01282,-0.3,11.55229,-0.044,-0.303
2.01553,-0.3,11.55229,-0.132,-0.303
2.01830,-0.3,11.55229,-0.015,-0.303
2.02099,-0.3,11.55229,-0.034,-0.303
2.02376,-0.3,11.55267,0.103,-0.303
2.02647,-0.3,11.55267,0.034,-0.303
2.02917,-0.3,11.55267,0.093,-0.303
2.03183,-0.3,11.55229,-0.054,-0.303
2.03453,-0.3,11.55267,0.093,-0.303
2.03720,-0.3,11.55229,0.005,-0.303
2.03992,-0.3,11.55229,-0.005,-0.303
2.04264,-0.3,11.55229,-0.024,-0.303
2.04532,-0.3,11.55229,-0.044,-0.303
2.04797,-0.3,11.55229,-0.005,-0.303
2.05063,-0.3,11.55229,-0.044,-0.303
2.05333,-0.3,11.55267,0.015,-0.303
2.05601,-0.3,11.55229,-0.015,-0.303
2.05871,-0.3,11.55229,-0.015,-0.303
2.06140,-0.3,11.55267,0.034,-0.303
2.06410,-0.3,11.55267,0.034,-0.303
2.06679,-0.3,11.55267,0.054,-0.303
2.06947,-0.3,11.55267,0.015,-0.303
2.07215,-0.3,11.55267,0.015,-0.303
2.07491,-0.3,11.55267,0.034,-0.303
2.07770,-0.3,11.55229,-0.034,-0.303
2.08038,-0.3,11.55229,-0.034,-0.303
2.08305,-0.3,11.55229,-0.015,-0.303
2.08573,-0.3,11.55229,0.005,-0.303
2.08845,-0.3,11.55229,-0.044,-0.303
2.09117,-0.3,11.55229,-0.015,-0.303
2.09385,-0.3,11.55229,-0.103,-0.303
2.09654,-0.3,11.55229,-0.024,-0.303
2.09927,-0.3,11.55267,0.044,-0.303
2.10198,-0.3,11.55229,-0.073,-0.303
2.10468,0.3,11.55267,0.093,-0.303
2.10746,0.3,11.55267,0.034,-0.303
2.11019,0.3,11.55267,0.015,-0.303
2.11289,0.3,11.55229,-0.034,-0.303
2.11559,0.3,11.55229,-0.015,-0.303
2.11825,0.3,11.55229,-0.015,-0.303
2.12095,0.3,11.55229,-0.044,-0.303
2.12366,0.3,11.55267,0.063,-0.303
2.12636,0.3,11.55267,0.044,-0.303
2.12906,0.3,11.55267,0.063,-0.303
2.13174,0.3,11.55267,0.063,-0.303
2.13443,0.3,11.55229,-0.015,-0.303
2.13711,0.3,11.55267,0.054,-0.303
2.13977,0.3,11.55229,-0.103,-0.303
2.14248,0.3,11.55229,-0.044,-0.303
2.14520,0.3,11.55267,0.083,-0.303
2.14792,0.3,11.55267,0.044,-0.303
2.15061,0.3,11.55267,0.034,-0.303
2.15327,0.3,11.55229,0.024,-0.303
2.15595,0.3,11.55267,0.112,-0.303
2.15864,0.3,11.55229,-0.044,-0.303
2.16133,0.3,11.55229,-0.044,-0.303
2.16403,0.3,11.55229,-0.093,-0.303
2.16673,0.3,11.55229,-0.005,-0.303
2.16942,0.3,11.55229,-0.063,-0.303
2.17210,0.3,11.55229,-0.034,-0.303
2.17485,0.3,11.55229,-0.034,-0.303
2.17754,0.3,11.55229,-0.024,-0.303
2.18032,0.3,11.55267,0.034,-0.303
2.18299,0.3,11.55229,-0.005,-0.303
2.18576,0.3,11.55229,-0.083,-0.303
2.18851,0.3,11.55267,0.063,-0.303
2.19119,0.3,11.55229,-0.063,-0.303
2.19387,0.3,11.55229,-0.015,-0.303
2.19655,0.3,11.55229,-0.063,-0.303
2.19926,0.3,11.55267,0.054,-0.303
2.20191,0.3,11.55229,-0.073,-0.303
2.20455,-0.3,11.55229,-0.044,-0.303
2.20724,-0.3,11.55229,-0.034,-0.303
2.20992,-0.3,11.55267,0.054,-0.303
2.21266,-0.3,11.55229,-0.034,-0.303
2.21577,-0.3,11.55229,-0.054,-0.303
2.21846,-0.3,11.55267,0.044,-0.303
2.22112,-0.3,11.55267,0.054,-0.303
2.22376,-0.3,11.55229,0.015,-0.303
2.22640,-0.3,11.55229,-0.015,-0.303
2.22909,-0.3,11.55229,-0.044,-0.303
2.23180,-0.3,11.55229,-0.034,-0.303
2.23448,-0.3,11.55229,-0.054,-0.303
2.23720,-0.3,11.55229,-0.103,-0.303
2.23989,-0.3,11.55229,0.044,-0.303
2.24258,-0.3,11.55229,-0.073,-0.303
2.24524,-0.3,11.55267,0.112,-0.303
2.24794,-0.3,11.55229,-0.024,-0.303
2.25074,-0.3,11.55229,-0.015,-0.303
2.25345,-0.3,11.55229,0.005,-0.303
2.25613,-0.3,11.55229,-0.005,-0.303
2.25883,-0.3,11.55229,0.034,-0.303
2.26153,-0.3,11.55229,-0.015,-0.303
2.26423,-0.3,11.55229,-0.112,-0.303
2.26691,-0.3,11.55229,-0.073,-0.303
2.26957,-0.3,11.55229,0.044,-0.303
2.27224,-0.3,11.55229,0.005,-0.303
2.27491,-0.3,11.55229,0.005,-0.303
2.27758,-0.3,11.55229,0.005,-0.303
2.28027,-0.3,11.55229,0.024,-0.303
2.28294,-0.3,11.55229,0.044,-0.303
2.28567,-0.3,11.55229,0.005,-0.303
2.28835,-0.3,11.55229,0.005,-0.303
2.29103,-0.3,11.55229,-0.024,-0.303
2.29374,-0.3,11.55267,0.063,-0.303
2.29644,-0.3,11.55267,0.054,-0.303
2.29911,-0.3,11.55229,0.015,-0.303
2.30177,-0.3,11.55267,0.024,-0.303
