t,mode,pitch,roll,hL,hR,htL,htR,tauL,tauR,IL,IR,dtmax,ovr
1791355449.515341,disarmed,-0.06780687182165823,0.012282312278375715,0.1224791,0.1224791,0.0,0.0,0.0,0.0,0.0,0.0,5.010676999999999,0
1791355449.5253413,disarmed,-0.06749903144583877,0.011943750093013517,0.1224791,0.1224791,0.0,0.0,0.0,0.0,0.0,0.0,5.0045329999999995,0
1791355449.5353248,disarmed,-0.06662965955345773,0.011502092315168409,0.1224791,0.1224791,0.0,0.0,0.0,0.0,0.0,0.0,5.0018769999999995,0
1791355449.5453098,disarmed,-0.06549158131477169,0.011084284231552697,0.1224791,0.1224791,0.0,0.0,0.0,0.0,0.0,0.0,5.000693,0
1791355449.555318,disarmed,-0.06412736340166622,0.010626303979100792,0.1224791,0.1224791,0.0,0.0,0.0,0.0,0.0,0.0,5.004021,0
1791355449.5653396,disarmed,-0.06230872664694839,0.010084435723784323,0.1224791,0.1224791,0.0,0.0,0.0,0.0,0.0,0.0,5.003348,0
1791355449.575433,disarmed,-0.06034710752421062,0.009657459808103107,0.1224791,0.1224791,0.0,0.0,0.0,0.0,0.0,0.0,5.005141,0
1791355449.5853114,disarmed,-0.058776207910196214,0.009161141154362082,0.1224791,0.1224791,0.0,0.0,0.0,0.0,0.0,0.0,4.999572,0
1791355449.5953147,disarmed,-0.05715067076325336,0.008707840322189922,0.1224791,0.1224791,0.0,0.0,0.0,0.0,0.0,0.0,5.013749,0
1791355449.6053197,disarmed,-0.05492228273646198,0.008229449112881235,0.1224791,0.1224791,0.0,0.0,0.0,0.0,0.0,0.0,4.999317,0
1791355449.6153216,disarmed,-0.051757518871950514,0.008068182595830168,0.1224791,0.1224791,0.0,0.0,0.0,0.0,0.0,0.0,5.005364999999999,0
1791355449.625347,disarmed,-0.04834892255753027,0.008392266222138085,0.1224791,0.1224791,0.0,0.0,0.0,0.0,0.0,0.0,5.004885,0
1791355449.6353328,disarmed,-0.04532128134303667,0.008948835706532926,0.1224791,0.1224791,0.0,0.0,0.0,0.0,0.0,0.0,5.002261,0
1791355449.6453211,disarmed,-0.0423780947494014,0.009631526838128728,0.1224791,0.1224791,0.0,0.0,0.0,0.0,0.0,0.0,5.006196999999999,0
1791355449.6553333,disarmed,-0.039874898768790405,0.010281018537112663,0.1224791,0.1224791,0.0,0.0,0.0,0.0,0.0,0.0,4.995124,0
1791355449.6653242,disarmed,-0.037450962828582374,0.010653051132576618,0.1224791,0.1224791,0.0,0.0,0.0,0.0,0.0,0.0,5.00626,0
1791355449.6753778,disarmed,-0.03487546909770869,0.010974500351718533,0.1224791,0.1224791,0.0,0.0,0.0,0.0,0.0,0.0,5.005173,0
1791355449.6853096,disarmed,-0.032093162708926315,0.011168767342272852,0.1224791,0.1224791,0.0,0.0,0.0,0.0,0.0,0.0,4.994965,0
1791355449.6953185,disarmed,-0.029142950232689636,0.01131309605688724,0.1224791,0.1224791,0.0,0.0,0.0,0.0,0.0,0.0,5.009653,0
1791355449.7053347,disarmed,-0.026188984138317217,0.011401444733003448,0.1224791,0.1224791,0.0,0.0,0.0,0.0,0.0,0.0,5.000693,0
1791355449.7153203,disarmed,-0.023398637094596712,0.011381483356927931,0.1224791,0.1224791,0.0,0.0,0.0,0.0,0.0,0.0,5.001717,0
1791355449.7253578,disarmed,-0.020816490894320524,0.01121127984468204,0.1224791,0.1224791,0.0,0.0,0.0,0.0,0.0,0.0,5.001043999999999,0
1791355449.7353232,disarmed,-0.01827621048461317,0.010977591441039894,0.1224791,0.1224791,0.0,0.0,0.0,0.0,0.0,0.0,5.008309,0
1791355449.7453501,disarmed,-0.015607441353576562,0.010746088879913447,0.1224791,0.1224791,0.0,0.0,0.0,0.0,0.0,0.0,5.0151889999999995,0
1791355449.755336,disarmed,-0.01291407142691418,0.010601140021828954,0.1224791,0.1224791,0.0,0.0,0.0,0.0,0.0,0.0,4.993301,0
1791355449.765332,disarmed,-0.010372892806705187,0.010461184134825077,0.1224791,0.1224791,0.0,0.0,0.0,0.0,0.0,0.0,5.001525,0
1791355449.7753491,disarmed,-0.007997376524971768,0.010247949694970442,0.1224791,0.1224791,0.0,0.0,0.0,0.0,0.0,0.0,5.010581,0
1791355449.7853312,disarmed,0.0017253055253215717,0.0102083020440881,0.1224791,0.1224791,0.0,0.0,0.0,0.0,0.0,0.0,5.001685,0
1791355449.795321,disarmed,0.0047206564940335035,0.009932747552029999,0.1224791,0.1224791,0.0,0.0,0.0,0.0,0.0,0.0,5.006676,0
1791355449.8053417,disarmed,0.0067256610267806445,0.00978818718693997,0.1224791,0.1224791,0.0,0.0,0.0,0.0,0.0,0.0,4.9965329999999994,0
1791355449.8153293,disarmed,0.008550714051573654,0.009624964624930163,0.1224791,0.1224791,0.0,0.0,0.0,0.0,0.0,0.0,5.003893,0
1791355449.8253279,disarmed,0.010208721854600604,0.00949341923592858,0.1224791,0.1224791,0.0,0.0,0.0,0.0,0.0,0.0,4.999477,0
1791355449.8353293,disarmed,0.011808692920271181,0.009507250204720314,0.1224791,0.1224791,0.0,0.0,0.0,0.0,0.0,0.0,5.005045,0
1791355449.8453288,disarmed,0.013425351672839612,0.009611613496044601,0.1224791,0.1224791,0.0,0.0,0.0,0.0,0.0,0.0,5.009717,0
1791355449.85534,disarmed,0.015069796439495098,0.009720789725444068,0.1224791,0.1224791,0.0,0.0,0.0,0.0,0.0,0.0,5.001684,0
1791355449.8653436,disarmed,0.016714677574458516,0.009824629799409621,0.1224791,0.1224791,0.0,0.0,0.0,0.0,0.0,0.0,5.004213,0
1791355449.8753438,disarmed,0.018344613974563936,0.009953821061209964,0.1224791,0.1224791,0.0,0.0,0.0,0.0,0.0,0.0,5.017269,0
1791355449.885309,disarmed,0.02001146135712106,0.01008763358051334,0.1224791,0.1224791,0.0,0.0,0.0,0.0,0.0,0.0,4.999477,0
1791355449.8953242,disarmed,0.021641899905692086,0.010187875831010149,0.1224791,0.1224791,0.0,0.0,0.0,0.0,0.0,0.0,5.012821,0
1791355449.9053133,disarmed,0.023493570036582864,0.010988192987948373,0.1224791,0.1224791,0.0,0.0,0.0,0.0,0.0,0.0,5.000373,0
1791355449.9153125,disarmed,0.02547275008031855,0.013926662186989689,0.1224791,0.1224791,0.0,0.0,0.0,0.0,0.0,0.0,5.006069,0
1791355449.9253256,disarmed,0.027645862412007224,0.015775165086553015,0.1224791,0.1224791,0.0,0.0,0.0,0.0,0.0,0.0,5.008277,0
1791355449.9353154,disarmed,0.028763419591129616,0.01539384258144134,0.1224791,0.1224791,0.0,0.0,0.0,0.0,0.0,0.0,4.999668,0
1791355449.9453638,disarmed,0.029926810164048818,0.015050414574876025,0.1224791,0.1224791,0.0,0.0,0.0,0.0,0.0,0.0,5.000373,0
1791355449.9553719,disarmed,0.031117093595842943,0.01470214010810978,0.1224791,0.1224791,0.0,0.0,0.0,0.0,0.0,0.0,5.003893,0
1791355449.9653516,disarmed,0.03217616909169001,0.014378532281004356,0.1224791,0.1224791,0.0,0.0,0.0,0.0,0.0,0.0,5.0036689999999995,0
1791355449.975381,disarmed,0.033031968183117655,0.01411291638935493,0.1224791,0.1224791,0.0,0.0,0.0,0.0,0.0,0.0,5.004725,0
1791355449.9853175,disarmed,0.03378426783205841,0.01389620648788012,0.1224791,0.1224791,0.0,0.0,0.0,0.0,0.0,0.0,5.008213,0
1791355449.995315,disarmed,0.03450511854456631,0.013751962341212686,0.1224791,0.1224791,0.0,0.0,0.0,0.0,0.0,0.0,5.0090129999999995,0
1791355450.005316,disarmed,0.035250413703308676,0.013782815369748723,0.1224791,0.1224791,0.0,0.0,0.0,0.0,0.0,0.0,4.994261,0
1791355450.0153186,disarmed,0.03597098587067338,0.014024419257517495,0.1224791,0.1224791,0.0,0.0,0.0,0.0,0.0,0.0,5.006165,0
1791355450.025321,disarmed,0.03661158870192435,0.014294133967561006,0.1224791,0.1224791,0.0,0.0,0.0,0.0,0.0,0.0,5.001493,0
1791355450.035319,disarmed,0.036929971157053494,0.014484418043272985,0.1224791,0.1224791,0.0,0.0,0.0,0.0,0.0,0.0,4.998741,0
1791355450.0453477,disarmed,0.03673056406917018,0.014717364824316964,0.1224791,0.1224791,0.0,0.0,0.0,0.0,0.0,0.0,5.006196999999999,0
1791355450.055324,disarmed,0.036075498038093415,0.014874082937756829,0.1224791,0.1224791,0.0,0.0,0.0,0.0,0.0,0.0,5.006196999999999,0
1791355450.0653439,disarmed,0.03514318439494486,0.014920773316668282,0.1224791,0.1224791,0.0,0.0,0.0,0.0,0.0,0.0,5.000020999999999,0
1791355450.0753508,disarmed,0.03408666522211788,0.0149708801814968,0.1224791,0.1224791,0.0,0.0,0.0,0.0,0.0,0.0,5.008501,0
1791355450.0853364,disarmed,0.0330111502630371,0.014872225375297156,0.1224791,0.1224791,0.0,0.0,0.0,0.0,0.0,0.0,4.997428,0
1791355450.0953267,disarmed,0.032285632437030864,0.014836876863184833,0.1224791,0.1224791,0.0,0.0,0.0,0.0,0.0,0.0,5.013941,0
1791355450.1053436,disarmed,0.03205164775589285,0.015030499145446156,0.1224791,0.1224791,0.0,0.0,0.0,0.0,0.0,0.0,4.998933,0
1791355450.1153295,disarmed,0.03224719671847987,0.015297408718997957,0.1224791,0.1224791,0.0,0.0,0.0,0.0,0.0,0.0,5.003221,0
1791355450.1253273,disarmed,0.03275342125954972,0.015459139173866942,0.1224791,0.1224791,0.0,0.0,0.0,0.0,0.0,0.0,5.006323999999999,0
1791355450.1353257,disarmed,0.03335993444231123,0.015585736375187328,0.1224791,0.1224791,0.0,0.0,0.0,0.0,0.0,0.0,5.002869,0
1791355450.145338,disarmed,0.03400758250451315,0.01571540991031738,0.1224791,0.1224791,0.0,0.0,0.0,0.0,0.0,0.0,5.005909,0
1791355450.1553433,disarmed,0.03467023681522193,0.015835502063502375,0.1224791,0.1224791,0.0,0.0,0.0,0.0,0.0,0.0,4.999156999999999,0
1791355450.1653385,disarmed,0.035319076687561575,0.015774349001197518,0.1224791,0.1224791,0.0,0.0,0.0,0.0,0.0,0.0,5.005877,0
1791355450.1753714,disarmed,0.03588356082181493,0.015455958500917974,0.1224791,0.1224791,0.0,0.0,0.0,0.0,0.0,0.0,5.005653,0
1791355450.1853113,disarmed,0.03633976661088424,0.015028682019225742,0.1224791,0.1224791,0.0,0.0,0.0,0.0,0.0,0.0,4.993365,0
1791355450.195349,disarmed,0.036805110559768726,0.014664509017719617,0.1224791,0.1224791,0.0,0.0,0.0,0.0,0.0,0.0,5.007092999999999,0
1791355450.205333,disarmed,0.03744703909752716,0.01439554328932191,0.1224791,0.1224791,0.0,0.0,0.0,0.0,0.0,0.0,5.011157,0
1791355450.2153194,disarmed,0.038145869586621424,0.01412198390882081,0.1224791,0.1224791,0.0,0.0,0.0,0.0,0.0,0.0,5.006005,0
1791355450.2253451,disarmed,0.03871034299398535,0.013906314587221658,0.1224791,0.1224791,0.0,0.0,0.0,0.0,0.0,0.0,5.008597,0
1791355450.2353263,disarmed,0.03893485184568098,0.013742842261096745,0.1224791,0.1224791,0.0,0.0,0.0,0.0,0.0,0.0,4.9940999999999995,0
1791355450.2453315,disarmed,0.03888021886776424,0.013776030734378112,0.1224791,0.1224791,0.0,0.0,0.0,0.0,0.0,0.0,5.006773,0
1791355450.255339,disarmed,0.038803118302206695,0.014117369475882012,0.1224791,0.1224791,0.0,0.0,0.0,0.0,0.0,0.0,5.001844999999999,0
1791355450.265335,disarmed,0.03887050671143577,0.014688747909419094,0.1224791,0.1224791,0.0,0.0,0.0,0.0,0.0,0.0,5.005717,0
1791355450.275382,disarmed,0.038822553884429525,0.015180635579996975,0.1224791,0.1224791,0.0,0.0,0.0,0.0,0.0,0.0,5.014901,0
1791355450.2853165,disarmed,0.03853078227968073,0.015356452087896983,0.1224791,0.1224791,0.0,0.0,0.0,0.0,0.0,0.0,4.993749,0
1791355450.2953396,disarmed,0.03817511161895217,0.015377374446921195,0.1224791,0.1224791,0.0,0.0,0.0,0.0,0.0,0.0,5.007765,0
1791355450.3053339,disarmed,0.038094817108035826,0.015395707652431468,0.1224791,0.1224791,0.0,0.0,0.0,0.0,0.0,0.0,4.999315999999999,0
1791355450.3153174,disarmed,0.03836143951749285,0.01544761990141762,0.1224791,0.1224791,0.0,0.0,0.0,0.0,0.0,0.0,5.004788,0
1791355450.3253388,disarmed,0.03864328740831884,0.015530684759823301,0.1224791,0.1224791,0.0,0.0,0.0,0.0,0.0,0.0,5.004276,0
1791355450.3353496,disarmed,0.038621734583021816,0.015605010666572855,0.1224791,0.1224791,0.0,0.0,0.0,0.0,0.0,0.0,4.999188999999999,0
1791355450.3453405,disarmed,0.03825577864498933,0.01569280558348138,0.1224791,0.1224791,0.0,0.0,0.0,0.0,0.0,0.0,5.004052,0
1791355450.3553963,disarmed,0.03780470455572244,0.015675341293187352,0.1224791,0.1224791,0.0,0.0,0.0,0.0,0.0,0.0,5.003157,0
1791355450.3653164,disarmed,0.037532347378883994,0.015610013201489954,0.1224791,0.1224791,0.0,0.0,0.0,0.0,0.0,0.0,5.002229,0
1791355450.3753686,disarmed,0.03744722008318521,0.015471097860449059,0.1224791,0.1224791,0.0,0.0,0.0,0.0,0.0,0.0,5.0161489999999995,0
1791355450.3853166,disarmed,0.0374976203902683,0.015319752799684758,0.1224791,0.1224791,0.0,0.0,0.0,0.0,0.0,0.0,4.989813,0
1791355450.3953466,disarmed,0.03722220929650768,0.014805619486051583,0.1224791,0.1224791,0.0,0.0,0.0,0.0,0.0,0.0,5.008245,0
1791355450.4053457,disarmed,0.0371726254154982,0.014637549250615845,0.1224791,0.1224791,0.0,0.0,0.0,0.0,0.0,0.0,5.004085,0
1791355450.415345,disarmed,0.037159680653874,0.014510245201350417,0.1224791,0.1224791,0.0,0.0,0.0,0.0,0.0,0.0,5.0081169999999995,0
1791355450.425351,disarmed,0.03709772190294028,0.014461802100559978,0.1224791,0.1224791,0.0,0.0,0.0,0.0,0.0,0.0,5.001301,0
1791355450.4353168,disarmed,0.03684292106729368,0.014486386814423715,0.1224791,0.1224791,0.0,0.0,0.0,0.0,0.0,0.0,5.006517,0
1791355450.4453542,disarmed,0.03633640387344084,0.014537875819197492,0.1224791,0.1224791,0.0,0.0,0.0,0.0,0.0,0.0,5.0038599999999995,0
1791355450.4553394,disarmed,0.03564615260709525,0.01448854211627755,0.1224791,0.1224791,0.0,0.0,0.0,0.0,0.0,0.0,5.001685,0
1791355450.4653435,disarmed,0.034960376283405085,0.014380560123435871,0.1224791,0.1224791,0.0,0.0,0.0,0.0,0.0,0.0,5.003892,0
1791355450.4753711,disarmed,0.03423398192496906,0.014257155939923516,0.1224791,0.1224791,0.0,0.0,0.0,0.0,0.0,0.0,5.007477,0
1791355450.4853194,disarmed,0.033297708094615006,0.014260232889766966,0.1224791,0.1224791,0.0,0.0,0.0,0.0,0.0,0.0,4.998004,0
1791355450.4953215,disarmed,0.032103940130728474,0.01455385756500935,0.1224791,0.1224791,0.0,0.0,0.0,0.0,0.0,0.0,5.007445,0
1791355450.5053284,disarmed,0.03078534264354688,0.014909144657816141,0.1224791,0.1224791,0.0,0.0,0.0,0.0,0.0,0.0,5.000565,0
1791355450.5153306,disarmed,0.02964808655985697,0.01521579093447542,0.1224791,0.1224791,0.0,0.0,0.0,0.0,0.0,0.0,5.0028369999999995,0
1791355450.5253541,disarmed,0.028757009398972095,0.015401698632427747,0.1224791,0.1224791,0.0,0.0,0.0,0.0,0.0,0.0,5.005973,0
1791355450.5353212,disarmed,0.028028110349721976,0.0155111863962807,0.1224791,0.1224791,0.0,0.0,0.0,0.0,0.0,0.0,4.998772,0
1791355450.5453584,disarmed,0.02739932892605171,0.01550515501578283,0.1224791,0.1224791,0.0,0.0,0.0,0.0,0.0,0.0,4.999733,0
1791355450.55534,disarmed,0.02678937359395603,0.015435623226129295,0.1224791,0.1224791,0.0,0.0,0.0,0.0,0.0,0.0,5.001107999999999,0
1791355450.5653226,disarmed,0.026129290927223967,0.015315884753792032,0.1224791,0.1224791,0.0,0.0,0.0,0.0,0.0,0.0,5.006613,0
1791355450.5753534,disarmed,0.02534183760091042,0.015247584305589597,0.1224791,0.1224791,0.0,0.0,0.0,0.0,0.0,0.0,5.008277,0
1791355450.5853457,disarmed,0.0244622090679469,0.015242181951395897,0.1224791,0.1224791,0.0,0.0,0.0,0.0,0.0,0.0,5.002517,0
1791355450.5953221,disarmed,0.023553531405272818,0.015238832017701834,0.1224791,0.1224791,0.0,0.0,0.0,0.0,0.0,0.0,5.006165,0
1791355450.6053336,disarmed,0.022692888833290615,0.015183720527710188,0.1224791,0.1224791,0.0,0.0,0.0,0.0,0.0,0.0,4.998837,0
1791355450.6153102,disarmed,0.02197299687070235,0.015028233094760963,0.1224791,0.1224791,0.0,0.0,0.0,0.0,0.0,0.0,5.011445,0
1791355450.6253333,disarmed,0.02141041533811158,0.014881304076644897,0.1224791,0.1224791,0.0,0.0,0.0,0.0,0.0,0.0,5.0046289999999996,0
1791355450.6353178,disarmed,0.021018482185712763,0.014861787321642478,0.1224791,0.1224791,0.0,0.0,0.0,0.0,0.0,0.0,4.998965,0
1791355450.645316,disarmed,0.020801654462680372,0.014936205598338003,0.1224791,0.1224791,0.0,0.0,0.0,0.0,0.0,0.0,5.005813,0
1791355450.6553376,disarmed,0.02084449381761556,0.015101519586134161,0.1224791,0.1224791,0.0,0.0,0.0,0.0,0.0,0.0,5.006037,0
1791355450.6653323,disarmed,0.0210997452780232,0.015278024977906248,0.1224791,0.1224791,0.0,0.0,0.0,0.0,0.0,0.0,4.996116,0
1791355450.6753757,disarmed,0.021429989442233448,0.015592358287044831,0.1224791,0.1224791,0.0,0.0,0.0,0.0,0.0,0.0,5.012309,0
1791355450.6853044,disarmed,0.021830018695478324,0.016018784828190174,0.1224791,0.1224791,0.0,0.0,0.0,0.0,0.0,0.0,4.996725,0
1791355450.6953876,disarmed,0.022362418220301643,0.01647937428230428,0.1224791,0.1224791,0.0,0.0,0.0,0.0,0.0,0.0,5.006613,0
1791355450.7053413,disarmed,0.023173772371246897,0.01687153647610167,0.1224791,0.1224791,0.0,0.0,0.0,0.0,0.0,0.0,4.999925,0
1791355450.7153296,disarmed,0.024264921561511,0.01719978499004033,0.1224791,0.1224791,0.0,0.0,0.0,0.0,0.0,0.0,5.0045,0
1791355450.7253292,disarmed,0.02556930701729398,0.01751041249239153,0.1224791,0.1224791,0.0,0.0,0.0,0.0,0.0,0.0,5.002037,0
1791355450.735329,disarmed,0.02700840666125164,0.01774876115291434,0.1224791,0.1224791,0.0,0.0,0.0,0.0,0.0,0.0,5.004500999999999,0
1791355450.7453415,disarmed,0.028481610079932433,0.01783920768368739,0.1224791,0.1224791,0.0,0.0,0.0,0.0,0.0,0.0,5.005045,0
1791355450.7554429,disarmed,0.030175655880339373,0.01782476934479984,0.1224791,0.1224791,0.0,0.0,0.0,0.0,0.0,0.0,4.997877,0
1791355450.7653182,disarmed,0.0330108244307015,0.017694682124876154,0.1224791,0.1224791,0.0,0.0,0.0,0.0,0.0,0.0,5.004789,0
1791355450.7753582,disarmed,0.03679061261059432,0.017400581149842827,0.1224791,0.1224791,0.0,0.0,0.0,0.0,0.0,0.0,5.003413,0
1791355450.7853236,disarmed,0.040157933403122216,0.017294486498771612,0.1224791,0.1224791,0.0,0.0,0.0,0.0,0.0,0.0,5.0038599999999995,0
1791355450.7953775,disarmed,0.042646531630369196,0.01746205256351877,0.1224791,0.1224791,0.0,0.0,0.0,0.0,0.0,0.0,5.0090449999999995,0
1791355450.8053215,disarmed,0.04527349415519317,0.017675499558386557,0.1224791,0.1224791,0.0,0.0,0.0,0.0,0.0,0.0,4.996085,0
1791355450.8153403,disarmed,0.04801394073702117,0.01811017234825828,0.1224791,0.1224791,0.0,0.0,0.0,0.0,0.0,0.0,5.0196369999999995,0
1791355450.8253334,disarmed,0.05021801709916201,0.01763823174608387,0.1224791,0.1224791,0.0,0.0,0.0,0.0,0.0,0.0,5.010965,0
1791355450.8353136,disarmed,0.05217167168373633,0.01656677459127351,0.1224791,0.1224791,0.0,0.0,0.0,0.0,0.0,0.0,4.998581,0
1791355450.8453252,disarmed,0.05487695749868974,0.015804284215934297,0.1224791,0.1224791,0.0,0.0,0.0,0.0,0.0,0.0,4.999541,0
1791355450.8553352,disarmed,0.058553618574344046,0.015890519006136913,0.1224791,0.1224791,0.0,0.0,0.0,0.0,0.0,0.0,5.002133,0
1791355450.865331,disarmed,0.06203827767164796,0.016330934302194358,0.1224791,0.1224791,0.0,0.0,0.0,0.0,0.0,0.0,4.998132,0
1791355450.8753579,disarmed,0.06459181794652036,0.016678589271790382,0.1224791,0.1224791,0.0,0.0,0.0,0.0,0.0,0.0,5.0046289999999996,0
1791355450.8853242,disarmed,0.06683830267034985,0.01683713749653058,0.1224791,0.1224791,0.0,0.0,0.0,0.0,0.0,0.0,4.996053,0
1791355450.895316,disarmed,0.06924386617221201,0.016733871091906296,0.1224791,0.1224791,0.0,0.0,0.0,0.0,0.0,0.0,5.007124999999999,0
1791355450.9053245,disarmed,0.07158755424120491,0.017052854686466005,0.1224791,0.1224791,0.0,0.0,0.0,0.0,0.0,0.0,4.998165,0
1791355450.91534,disarmed,0.07343881083068675,0.017482657993679433,0.1224791,0.1224791,0.0,0.0,0.0,0.0,0.0,0.0,5.004916,0
1791355450.9253535,disarmed,0.07513476357373478,0.01774910238025227,0.1224791,0.1224791,0.0,0.0,0.0,0.0,0.0,0.0,5.0010769999999996,0
1791355450.935319,disarmed,0.07676237742774361,0.017768532468111012,0.1224791,0.1224791,0.0,0.0,0.0,0.0,0.0,0.0,5.003061,0
1791355450.9453223,disarmed,0.07808055111328967,0.017690974265683185,0.1224791,0.1224791,0.0,0.0,0.0,0.0,0.0,0.0,5.0019089999999995,0
1791355450.9553492,disarmed,0.07913091858514719,0.017710816141478288,0.1224791,0.1224791,0.0,0.0,0.0,0.0,0.0,0.0,5.004757,0
1791355450.9653394,disarmed,0.0796504455413096,0.0176240198341012,0.1224791,0.1224791,0.0,0.0,0.0,0.0,0.0,0.0,5.004757,0
1791355450.9753947,disarmed,0.07966262177778004,0.01738238129421296,0.1224791,0.1224791,0.0,0.0,0.0,0.0,0.0,0.0,5.004821,0
1791355450.9853268,disarmed,0.07945259264440878,0.016986362322855008,0.1224791,0.1224791,0.0,0.0,0.0,0.0,0.0,0.0,5.003093,0
1791355450.9953396,disarmed,0.07921936374441971,0.016722331401156327,0.1224791,0.1224791,0.0,0.0,0.0,0.0,0.0,0.0,5.006101,0
1791355451.0053363,disarmed,0.07894322050839937,0.016638011526583212,0.1224791,0.1224791,0.0,0.0,0.0,0.0,0.0,0.0,5.000404,0
1791355451.01532,disarmed,0.07854514373513964,0.016553535499900553,0.1224791,0.1224791,0.0,0.0,0.0,0.0,0.0,0.0,5.002389,0
1791355451.0253396,disarmed,0.07792954737326202,0.016389572788274652,0.1224791,0.1224791,0.0,0.0,0.0,0.0,0.0,0.0,5.004341,0
1791355451.0353627,disarmed,0.07702159506087829,0.016196633234605514,0.1224791,0.1224791,0.0,0.0,0.0,0.0,0.0,0.0,5.000373,0
1791355451.04533,disarmed,0.0759553285103856,0.016125779458920995,0.1224791,0.1224791,0.0,0.0,0.0,0.0,0.0,0.0,5.0027729999999995,0
1791355451.0553179,disarmed,0.07479835218093973,0.016156015882355407,0.1224791,0.1224791,0.0,0.0,0.0,0.0,0.0,0.0,5.009141,0
1791355451.0653417,disarmed,0.07338709735568213,0.016186037225465685,0.1224791,0.1224791,0.0,0.0,0.0,0.0,0.0,0.0,5.0020679999999995,0
1791355451.075338,disarmed,0.07159870236314096,0.016179021137716194,0.1224791,0.1224791,0.0,0.0,0.0,0.0,0.0,0.0,5.005685,0
1791355451.0853226,disarmed,0.06945535971044692,0.016263586515827582,0.1224791,0.1224791,0.0,0.0,0.0,0.0,0.0,0.0,4.99682,0
1791355451.095331,disarmed,0.06710431512113252,0.0164777368580948,0.1224791,0.1224791,0.0,0.0,0.0,0.0,0.0,0.0,5.008565,0
1791355451.1053286,disarmed,0.06473497762886751,0.016683544448437074,0.1224791,0.1224791,0.0,0.0,0.0,0.0,0.0,0.0,4.996500999999999,0
1791355451.1153386,disarmed,0.06236379135488843,0.016708714111171145,0.1224791,0.1224791,0.0,0.0,0.0,0.0,0.0,0.0,5.003061,0
1791355451.1253533,disarmed,0.059920977108353715,0.016667906596109314,0.1224791,0.1224791,0.0,0.0,0.0,0.0,0.0,0.0,5.004627999999999,0
1791355451.135315,disarmed,0.05739767122018058,0.016678180726258207,0.1224791,0.1224791,0.0,0.0,0.0,0.0,0.0,0.0,5.011540999999999,0
1791355451.145336,disarmed,0.054749427585424656,0.016756951989856522,0.1224791,0.1224791,0.0,0.0,0.0,0.0,0.0,0.0,5.000629,0
1791355451.155351,disarmed,0.051932968753786085,0.016757690192392725,0.1224791,0.1224791,0.0,0.0,0.0,0.0,0.0,0.0,5.002069,0
1791355451.1653104,disarmed,0.04918371361686749,0.01672062175214841,0.1224791,0.1224791,0.0,0.0,0.0,0.0,0.0,0.0,4.998292,0
1791355451.1753438,disarmed,0.046850949111854494,0.01668175866079744,0.1224791,0.1224791,0.0,0.0,0.0,0.0,0.0,0.0,5.0063889999999995,0
1791355451.1853096,disarmed,0.044134544856739386,0.015072206052859397,0.1224791,0.1224791,0.0,0.0,0.0,0.0,0.0,0.0,4.997589,0
1791355451.1953118,disarmed,0.04179534922955111,0.014825849548500896,0.1224791,0.1224791,0.0,0.0,0.0,0.0,0.0,0.0,5.010997,0
1791355451.2053182,disarmed,0.039496954422854176,0.014218414712995816,0.1224791,0.1224791,0.0,0.0,0.0,0.0,0.0,0.0,5.001973,0
1791355451.215328,disarmed,0.0373155394989533,0.013393666303462816,0.1224791,0.1224791,0.0,0.0,0.0,0.0,0.0,0.0,5.00594,0
1791355451.2253203,disarmed,0.035374479179218814,0.012551669078664219,0.1224791,0.1224791,0.0,0.0,0.0,0.0,0.0,0.0,5.00434,0
1791355451.2353415,disarmed,0.03368108769543158,0.011678131291036661,0.1224791,0.1224791,0.0,0.0,0.0,0.0,0.0,0.0,5.006549,0
1791355451.2453237,disarmed,0.03205558423579647,0.010701990415531416,0.1224791,0.1224791,0.0,0.0,0.0,0.0,0.0,0.0,5.003540999999999,0
1791355451.2553818,disarmed,0.03096426664556938,0.009613017012201895,0.1224791,0.1224791,0.0,0.0,0.0,0.0,0.0,0.0,5.004308,0
1791355451.2653286,disarmed,0.030016529381905306,0.008643558860477556,0.1224791,0.1224791,0.0,0.0,0.0,0.0,0.0,0.0,5.002549,0
1791355451.2753718,disarmed,0.029658639608742446,0.007431717506027981,0.1224791,0.1224791,0.0,0.0,0.0,0.0,0.0,0.0,5.0047559999999995,0
1791355451.2853405,disarmed,0.029439807577962624,0.0060009042989613995,0.1224791,0.1224791,0.0,0.0,0.0,0.0,0.0,0.0,4.9976519999999995,0
1791355451.2953315,disarmed,0.030031390924590527,0.004274457370266013,0.1224791,0.1224791,0.0,0.0,0.0,0.0,0.0,0.0,5.006292999999999,0
1791355451.3053355,disarmed,0.030961366101859594,0.0024877283515368884,0.1224791,0.1224791,0.0,0.0,0.0,0.0,0.0,0.0,5.002101,0
1791355451.3153207,disarmed,0.0322871904372489,0.0007647220276231502,0.1224791,0.1224791,0.0,0.0,0.0,0.0,0.0,0.0,5.001844999999999,0
1791355451.3253405,disarmed,0.03366399490882212,-0.0009840966651430926,0.1224791,0.1224791,0.0,0.0,0.0,0.0,0.0,0.0,5.004373,0
1791355451.33535,disarmed,0.035210421117779014,-0.002711176983046399,0.1224791,0.1224791,0.0,0.0,0.0,0.0,0.0,0.0,5.0028369999999995,0
1791355451.3453307,disarmed,0.036819059478648344,-0.004570819121297768,0.1224791,0.1224791,0.0,0.0,0.0,0.0,0.0,0.0,5.001589,0
1791355451.3553445,disarmed,0.038606737273508475,-0.00650085018432959,0.1224791,0.1224791,0.0,0.0,0.0,0.0,0.0,0.0,4.998645,0
1791355451.3653224,disarmed,0.0403759679016079,-0.008462688891999323,0.1224791,0.1224791,0.0,0.0,0.0,0.0,0.0,0.0,5.0020999999999995,0
1791355451.3759658,disarmed,0.042057469782230066,-0.010319965095809229,0.1224791,0.1224791,0.0,0.0,0.0,0.0,0.0,0.0,5.001268,0
1791355451.3853261,disarmed,0.04362110230352304,-0.011955997196495457,0.1224791,0.1224791,0.0,0.0,0.0,0.0,0.0,0.0,5.002549,0
1791355451.3953457,disarmed,0.04517143970123989,-0.013232331180018021,0.12283695615083516,0.1224791,0.0,0.0,0.0,0.0,0.0,0.0,5.0221979999999995,0
1791355451.4053316,disarmed,0.04671852340593904,-0.014495660762389836,0.12402578902653548,0.1224791,0.0,0.0,0.0,0.0,0.0,0.0,4.997523999999999,0
1791355451.4153445,disarmed,0.04794221390552849,-0.01564752673396264,0.12541845155112358,0.1224791,0.0,0.0,0.0,0.0,0.0,0.0,5.004853,0
1791355451.4252915,disarmed,0.04906683745221953,-0.016750907255427314,0.12681671701492997,0.1224791,0.0,0.0,0.0,0.0,0.0,0.0,5.0071889999999994,0
1791355451.4353333,disarmed,0.04998569242839314,-0.017693018133679912,0.1284210826890599,0.12283693950922583,0.0,0.0,0.0,0.0,0.0,0.0,4.998613,0
1791355451.4453292,disarmed,0.05067949251382517,-0.018453250677917418,0.1300318584668836,0.12422442276838598,0.0,0.0,0.0,0.0,0.0,0.0,5.005045,0
1791355451.4553535,disarmed,0.05118359754047266,-0.01903197434679468,0.13164833071470025,0.12581745693083524,0.0,0.0,0.0,0.0,0.0,0.0,5.0029639999999995,0
1791355451.4653423,disarmed,0.051487134017954045,-0.01935796434779812,0.13327012437298888,0.12741752791528158,0.0,0.0,0.0,0.0,0.0,0.0,4.999381,0
1791355451.475367,disarmed,0.05145847811814848,-0.019519606497922278,0.13489669379649358,0.12902443006041897,0.0,0.0,0.0,0.0,0.0,0.0,5.012373,0
1791355451.485318,disarmed,0.051193221584956795,-0.019476919367930674,0.13652761817184111,0.1306373735825341,0.0,0.0,0.0,0.0,0.0,0.0,4.992565,0
1791355451.495341,disarmed,0.0506364930104671,-0.01948506620374452,0.13836713763747482,0.13245850388886682,0.0,0.0,0.0,0.0,0.0,0.0,5.01519,0
1791355451.5053413,disarmed,0.049901571609038575,-0.01953927624293619,0.14000596413662506,0.13428618660015285,0.0,0.0,0.0,0.0,0.0,0.0,5.004181,0
1791355451.5153313,disarmed,0.048899077621998785,-0.019468046785371004,0.14185326373346208,0.13611953434174906,0.0,0.0,0.0,0.0,0.0,0.0,5.002132,0
1791355451.5253553,stand,0.04766772856719331,-0.019355593174992563,0.14370380978645433,0.1379579233168424,0.14266972638734454,0.13736564607435403,0.215218941332362,0.46149516312130445,0.2657023967066197,-0.5697471149645733,4.999956,0
1791355451.535344,stand,0.04666246901497018,-0.018885982564419604,0.14658794994499025,0.1410317304697301,0.14286982743372825,0.1375910615180682,-1.8299346566701427,-1.8455834531421191,-2.2591785884816575,2.2784980902989123,5.001237,0
1791355451.5453532,stand,0.04534555343843549,-0.01764574151398576,0.14596945579001486,0.14041612783669818,0.143069928480112,0.1378165767143536,1.0037502956220965,0.8514697755010091,1.2391978958297487,-1.0511972537049494,5.0071889999999994,0
1791355451.5553312,stand,0.042453288713508376,-0.01680178124453226,0.14865115822261835,0.14267528101477772,0.14327005637747756,0.13804209525956251,-2.284426799550595,-1.7255767471373769,-2.820279999445179,2.130341663132564,5.001557,0
1791355451.565367,stand,0.04203467845389794,-0.016456614979834347,0.1467941594011181,0.14144239552473142,0.14347020109556932,0.1382677824158903,1.6126020603680802,1.5586982672844167,1.9908667411951606,-1.9243188484992797,5.006228999999999,0
1791355451.575424,stand,0.03960080247713389,-0.015239800508377487,0.1505096021001903,0.144527273662407,0.14367035202774744,0.1384934695722181,-3.644845650050237,-3.0069811091834797,-4.499809444506465,3.7123223570166415,5.00226,0
1791355451.585328,stand,0.04274862322347704,-0.01536974765446503,0.14782558236176804,0.14205872337709438,0.1438706093420315,0.13871926185641875,2.0545239257412304,2.2872673419417873,2.536449291038556,-2.823786841903441,4.998965,0
1791355451.5953393,stand,0.03737116330201091,-0.01345101262394139,0.1517492318831636,0.14535115616784475,0.14407086665631558,0.13894508706966682,-4.405216228881002,-3.243359021998266,-5.438538554174077,4.0041469407386,5.002133,0
1791355451.6053362,stand,0.046230667186434926,-0.01339529047123754,0.14823829360189222,0.14288095400289955,0.14427116496838602,0.13917099886827733,3.0840480061172997,2.437731310030798,3.807466674218888,-3.0095448271985155,4.998228999999999,0
1791355451.61533,stand,0.033708053648741056,-0.009198301684756272,0.1517492318831636,0.14493915472938382,0.14447150502584738,0.13939699603443526,-4.363516987919519,-2.6041336667184565,-5.387058009777184,3.2149798354548844,5.004245,0
1791355451.6253443,stand,0.05240363987646727,-0.00911572575405501,0.14906403334537877,0.14493915472938382,0.14467184508330877,0.13962301622710172,2.8199101433636096,0.6529553634386885,3.4813705473624807,-0.8061177326403561,5.006037,0
1791355451.63532,stand,0.02702326390634322,-0.003729095971716925,0.15133602436585522,0.14308662699102137,0.14487221738752,0.13984910716917498,-3.78847600536172,0.08686130688467719,-4.677130870816939,-0.10723618133910763,5.007413,0
1791355451.6453526,stand,0.059253647396625315,-0.005128031226736909,0.15216253806964342,0.1484447001644,0.14507259190272934,0.14007519811124822,-0.14064377845268808,-3.135515800053856,-0.17363429438603464,3.871007160560316,5.002676999999999,0
1791355451.6553504,stand,0.024246275260899064,0.0057134522511303526,0.14947697517231615,0.14144239552473142,0.14527301223547096,0.1403014151309445,0.03670787521076825,3.5580967449874734,0.045318364457738576,-4.392712030848732,5.012629,0
1791355451.6653278,stand,0.05865600911933466,-0.0014296576408036306,0.1556764223432425,0.15112937026661902,0.145473508564428,0.14052763373269533,-4.434085777395258,-6.545013211626557,-5.4741799720929105,8.080263224230317,5.000757,0
1791355451.6753542,stand,0.026699514484475988,0.0108161085704006,0.14555725279394405,0.13857176432998594,0.14567400489338506,0.14075395307167535,6.451564505675215,8.61361062666047,7.964894451450882,-10.0,5.0054289999999995,0
1791355451.6853433,stand,0.029846588396739232,0.0094305447943467,0.154229386941259,0.15298923994702968,0.14577426396191032,0.14086713140712454,-7.575042664921489,-13.584054893273983,-9.351904524594431,10.0,5.001621,0
1791355451.6953356,stand,0.025252328536041223,0.00804749541703865,0.14082651174027835,0.1365276009822148,0.1460750601365748,0.14120672662425868,12.844285283059792,13.238863120221097,10.0,-10.0,5.235453,0
1791355451.7053404,stand,0.011331201635564505,0.019913766005028914,0.15733017767492985,0.15422936953906427,0.14627561216752583,0.14143321094872108,-11.097875527297493,-12.826250311063282,-10.0,10.0,5.00066,0
1791355451.715327,stand,0.018400786023447618,0.011875187514612312,0.14164778679202883,0.13550773561312077,0.14647622570010466,0.1416597247771679,13.404060091134632,15.34873692919754,10.0,-10.0,5.001652,0
1791355451.72532,stand,0.007821311413195874,-0.0010089899380361419,0.1577435771078928,0.15567640494064736,0.14667683923268346,0.14188634717689147,-12.799130654431442,-16.02099414036283,-10.0,10.0,5.0010449999999995,0
1791355451.735316,stand,0.01933475259762464,0.021114045736352983,0.14205874067489535,0.13734461680691767,0.14687747678224328,0.14211296957661507,14.259508914553825,15.491254842498874,10.0,-10.0,5.006581,0
1791355451.7453766,stand,-0.00642495622398633,0.024942981803659732,0.15443610395470128,0.1509227335628168,0.14707812476627818,0.14233962932015137,-9.136817199407119,-10.415841630231272,-10.0,10.0,5.008373,0
1791355451.7553563,stand,0.02316386906479898,0.025155349296064965,0.14041614510367775,0.1422642246636504,0.14727878412199377,0.14256629079308814,15.085191990117345,9.083223242668291,10.0,-10.0,5.005877,0
1791355451.7653196,stand,-0.015546654134619581,0.027707045392667596,0.154229386941259,0.15112937026661902,0.14747951485819435,0.14279307587076578,-10.42409714741821,-9.853105676052817,-10.0,10.0,5.0045969999999995,0
1791355451.7753415,stand,0.02763700007403653,0.01733920820742463,0.1441154770012581,0.14432135500779106,0.14768024559439494,0.14301991449217688,11.242859742952177,8.071616607585845,10.0,-9.964958774797338,4.998581,0
1791355451.7853458,stand,-0.04045090929607666,0.01589269756024568,0.1525758959740724,0.14968347877739743,0.1478809962340782,0.14324677488453286,-7.238788505688384,-6.5838212467114845,-8.936775932948622,8.128174378656153,5.126777,0
1791355451.7953498,stand,0.015353673099188251,0.012914950860263305,0.1474129315424936,0.14782556498999672,0.14808176141903834,0.1434736630130816,7.831329920806728,3.8347248313544626,9.668308544205836,-4.734228186857361,5.005109,0
1791355451.8053432,stand,-0.05285135651070184,0.006817017000460582,0.15154263058090173,0.1434980495665094,0.1482825280988748,0.1437005743484455,-4.292867456383387,2.4525354754782938,-5.299836365905416,-3.02782157466456,4.998164,0
1791355451.8153458,stand,0.0014215415530111322,-0.00708924482089504,0.1534026110630885,0.15216252067082905,0.14848337603869713,0.14392759011833092,0.5147205694539388,-4.338266938209578,0.6354574931530109,5.355885108900714,5.003957,0
1791355451.8253493,stand,-0.057506494869317075,0.0044464376628128,0.14823829360189222,0.1422642246636504,0.14868422397851946,0.14415460588821638,3.4430065565796584,6.189106536908933,4.250625378493405,-7.640872267788806,5.008597,0
1791355451.8353205,stand,-0.028434051618387596,-0.015099640882657264,0.1583636148785804,0.15608984634806924,0.1488850698000416,0.14438170831179736,-6.283080252525525,-9.53701035136979,-7.7568892006487955,10.0,4.999541,0
1791355451.8453298,stand,-0.06688924515664865,-0.01915392110353802,0.1428809713172044,0.14041612783669818,0.14908591311895192,0.14460881788103375,12.494697092892725,11.384944543098626,10.0,-10.0,5.004021,0
1791355451.8553324,stand,-0.05566694459511098,-0.032698928886098884,0.16084299458541182,0.15753687728617735,0.14928675643786227,0.1448359534608315,-12.074643302075849,-12.270856100133045,-10.0,10.0,4.998485,0
1791355451.8653517,stand,-0.04897466016616879,-0.032350416907335686,0.14308664430532625,0.13489667666095456,0.14948767413095168,0.14506310209207274,14.838158844218352,19.836532335974116,10.0,-10.0,5.0080849999999995,0
1791355451.8753536,stand,-0.08307721211628111,-0.025405642448312032,0.16228847746100386,0.15484952970695817,0.1496886002065219,0.14529030704849993,-14.78672461856948,-13.184021795001085,-10.0,10.0,5.007317,0
1791355451.885307,stand,-0.07738609780832172,-0.04211887164414457,0.1472066297123222,0.13754897722116985,0.14988952471470948,0.1455175937702864,12.056665462617367,16.49630532039157,10.0,-10.0,4.997076,0
1791355451.8953197,stand,-0.11386320607264595,-0.03770687145048962,0.16042988004171907,0.1531959168056519,0.15009044616757,0.1457448863486114,-11.158191876098437,-11.492268705775645,-10.0,10.0,5.008884999999999,0
1791355451.9053264,stand,-0.08031928071496795,-0.04752633249645514,0.14370380978645433,0.14432135500779106,0.1502913676204305,0.14597221212832695,16.55340149986433,9.622936053018412,10.0,-10.0,4.9967559999999995,0
1791355451.9153373,stand,-0.1487396950190628,-0.047225558018348865,0.154229386941259,0.1509227335628168,0.15049232312375152,0.14619953790804252,-6.4149948172333735,-6.220875113536382,-7.919746687942436,7.680092732760964,5.001333,0
1791355451.9253554,stand,-0.12245619090375338,-0.028542535896492846,0.14761925175454838,0.14288095400289955,0.1506932882671956,0.14642694735864026,9.786868714237455,11.569069316397,10.0,-10.0,5.019894,0
1791355451.9353275,stand,-0.1948685527912698,-0.02152475988287136,0.1525758959740724,0.14062125845579018,0.1508942695613624,0.14665436694483933,-4.177150626586186,4.852698000131989,-5.156976082205167,-5.9909851853481335,4.994516,0
1791355451.9453282,stand,-0.13686094951914016,-0.019275814991155393,0.15381597381458612,0.15050958471111697,0.15109530821514816,0.14688181129225902,2.128526935138478,-3.1345090654520202,2.627811031035158,3.8697642783358273,5.003189,0
1791355451.9554455,stand,-0.19557144184366693,-0.001101305040801174,0.15154263058090173,0.14144239552473142,0.15129634686893392,0.14710926993333034,0.9254987126832321,7.4967202675493745,1.1425910033126323,-9.255210206851078,5.002196,0
1791355451.9653268,stand,-0.16165833104915606,-0.012492024152902105,0.15795025872164248,0.15650328037495373,0.15149736279068904,0.14733676384849026,-2.268149729709718,-9.117709098836084,-2.800184851493479,10.0,5.010549999999999,0
1791355451.9753642,stand,-0.193055867769911,0.00894097565960784,0.14267529832908263,0.1424697370324922,0.15169836700200706,0.14756431629910188,14.372270509494077,10.447735549012217,10.0,-10.0,5.012949,0
1791355451.985314,stand,-0.21957644299604856,0.016389915834521554,0.1614625506438419,0.15857027433838822,0.15189937859015884,0.14779187336084146,-11.91251937054677,-10.532904758970528,-10.0,10.0,5.013046,0
1791355451.9953516,stand,-0.22123525434305513,0.01918762343472832,0.1451451261392133,0.1363235609822502,0.15210045631091967,0.14801946486326853,14.022122104898148,20.24856329925898,10.0,-10.0,4.999509,0
1791355452.005355,stand,-0.22693653865230848,0.0052877264866162,0.16208202135273825,0.15712344325929287,0.15230153403168054,0.14824705636569563,-11.836419393020625,-13.54525890552683,-10.0,10.0,5.004021,0
1791355452.0153275,stand,-0.21278898546449793,0.03347761585522307,0.14535117351635254,0.14041612783669818,0.15250261425363207,0.14847472855486057,15.418027655517381,16.203242935505777,10.0,-10.0,5.002037,0
1791355452.0253181,stand,-0.2492980839441589,0.04743015519092828,0.1614625506438419,0.15588312671014087,0.15270369660069794,0.14870241386988478,-11.766787701052573,-11.439100831810581,-10.0,10.0,5.007829,0
1791355452.035324,stand,-0.2126734358243504,0.04824601643969224,0.14596945579001486,0.14700037719508996,0.15290477894776378,0.1489300960306657,15.757382921119548,9.95415568243914,10.0,-10.0,5.002165,0
1791355452.0453284,stand,-0.229914256294534,0.06226979614839623,0.1556764223432425,0.15505624943684565,0.15310585675643565,0.14915777610732997,-5.985528051805168,-8.108896534766052,-7.389540804697737,10.0,5.007509,0
1791355452.055336,stand,-0.21724756903155673,0.07573401335020541,0.1503030480538727,0.15009651442923766,0.15330693447719648,0.14938548847033617,9.1666779451692,7.5828545171103885,10.0,-9.361548786556035,4.996212,0
1791355452.065336,stand,-0.2799822710976897,0.07772906958435877,0.1583636148785804,0.15009651442923766,0.15350801414697715,0.14961326236163544,-7.866767490076046,-0.591963053295325,-9.712058629723513,0.730818584315216,5.008916999999999,0
1791355452.0753539,stand,-0.23882178256173614,0.07764370261292172,0.1525758959740724,0.15795024132242777,0.153709096494043,0.1498410358011631,8.257248999019035,-3.8931888273975535,10.0,4.806405959750066,5.010101,0
1791355452.0853333,stand,-0.2860203891742134,0.10060724268160999,0.15546970086592488,0.14947695778662332,0.15391017884110886,0.15006880445206455,-2.493743039289416,4.291058067727545,-3.0786951102338467,-5.297602552750055,4.997045,0
1791355452.0953305,stand,-0.2580977046061339,0.057662994889703306,0.1591902043928512,0.16022326134700343,0.1541112908637355,0.15029657310296599,-0.48791729408949275,-6.174084964898917,-0.6023670297401145,7.6223271171591565,5.009109,0
1791355452.1053548,stand,-0.28769271694661785,0.10203741915112353,0.14823829360189222,0.14968347877739743,0.15431240765147144,0.15052438277421742,9.86118228670719,5.863642338443943,10.0,-7.239064615362892,4.999572,0
1791355452.115332,stand,-0.24897511090648883,0.07861930692241528,0.16435206375985217,0.16538313492721082,0.15451352583632774,0.15075220095365421,-10.01234233616424,-12.231117392374294,-10.0,10.0,5.003572999999999,0
1791355452.1253343,stand,-0.2883143562202407,0.08888923313200134,0.14947697517231615,0.14906401596684668,0.15471464725126752,0.15098006665575936,11.444982318471755,10.871287049681994,10.0,-10.0,5.001461,0
1791355452.1353023,stand,-0.2902471327138586,0.052613285172378066,0.16579539052018263,0.16950123929730154,0.1549157686662073,0.1512079681680166,-11.129275426333125,-17.990088601187637,-10.0,10.0,5.01631,0
1791355452.1453328,stand,-0.28519676966071705,0.07562661731449691,0.14823829360189222,0.14906401596684668,0.1551168866464276,0.15143585748729813,14.557236648900885,14.630338219348095,10.0,-10.0,5.009653,0
1791355452.1553495,stand,-0.25871952585014063,0.06996790934078723,0.16806114670800743,0.16806112938018106,0.15531800343416352,0.15166371995487246,-15.060125643401953,-16.68716859131102,-10.0,10.0,5.001939999999999,0
1791355452.1653266,stand,-0.2879496170500373,0.06190315553574883,0.1517492318831636,0.14947695778662332,0.15551912106674165,0.15189158695083438,13.419939901281516,14.614873766007257,10.0,-10.0,5.0080849999999995,0
1791355452.175382,stand,-0.32008940548297565,0.04467205607990836,0.16723755963472103,0.16476459693831647,0.15572024248168143,0.15211953275021017,-13.326734185063604,-13.591897250323473,-10.0,10.0,5.010517,0
1791355452.1853533,stand,-0.30108968259624,0.053403197778878815,0.15195586121102123,0.15381595641537144,0.15592136389662123,0.152347478549586,14.080092800375963,9.55742910706751,10.0,-10.0,4.99122,0
1791355452.1953585,stand,-0.31997738703338463,0.051565956361987755,0.1647646142965663,0.15960346920238408,0.15612248242911966,0.1525754285253917,-10.554118878679853,-7.148052802718838,-10.0,8.824756546566466,5.005364999999999,0
1791355452.2053418,stand,-0.2994235882527118,0.031614743463431745,0.1517492318831636,0.15567640494064736,0.15632359921685562,0.15280337956924106,13.7277378584609,6.0660599162735,10.0,-7.488962859596913,5.003029,0
1791355452.2153387,stand,-0.36693345135355565,0.04182274241805714,0.16166906918369395,0.15857027433838822,0.1565247162971556,0.15303132778942513,-7.504901252560401,-5.158761119815957,-9.265310188346174,6.368840888661675,5.015893,0
1791355452.2253587,stand,-0.3572674968650083,0.027882309062762053,0.15526298385248263,0.16042986264926531,0.1567258377120954,0.15325927358880095,8.873506872659128,0.15930281764760829,10.0,-0.19667014524396084,5.0081169999999995,0
1791355452.2353518,stand,-0.38022193826479833,0.017078166547286125,0.1612560296530678,0.1569167237133236,0.15692695912703514,0.15348722085880503,-5.8696451608843985,-0.38690213371556487,-7.246475507264689,0.47765695520440105,5.010485,0
1791355452.2453516,stand,-0.37466367532665773,-0.006834561992462599,0.1585702917372026,0.1641457682231804,0.15712807821181174,0.1537151719026544,5.1820286143298135,-4.45251807275888,6.397566190530633,5.496935892294913,5.004789,0
1791355452.2553413,stand,-0.41845187207498263,0.0034615246130131633,0.1577435771078928,0.15216252067082905,0.15732919499954767,0.15394312382394387,0.37983766359436233,7.799690463816736,0.4689353871535337,-9.629247486193501,4.996116,0
1791355452.2653434,stand,-0.3932765752762996,-0.030526768663970465,0.16558927171243443,0.16311412967513292,0.1575303117872836,0.15417111391043825,-4.451366546617856,-6.015652092660841,-5.495514255083773,7.42673097859363,5.002965,0
1791355452.2753663,stand,-0.44075904642663044,-0.019527417538061198,0.15319593420446628,0.150716145857635,0.15773139606742334,0.15439910399693266,10.080703142155418,9.062079819011974,10.0,-10.0,5.007988999999999,0
1791355452.285335,stand,-0.4865827475561653,-0.032648308874601906,0.16620761990246663,0.16620760255097758,0.1579324784144892,0.15462709809350628,-7.118216593286394,-10.837210613348516,-8.787921720106658,10.0,5.0001809999999995,0
1791355452.2953656,stand,-0.528630149096184,-0.04313779919423128,0.15195586121102123,0.14927045189654878,0.15813355898401538,0.1548550934254932,12.071677191857109,13.5654683538509,10.0,-10.0,5.001237,0
1791355452.305341,stand,-0.5162370746764467,-0.04656730033612845,0.16847276251401083,0.16558925436054617,0.15833463670477624,0.15508308610042829,-10.874629570868647,-11.338460527448149,-10.0,10.0,5.007637,0
1791355452.3153424,stand,-0.5707360638760648,-0.06303398968065235,0.15526298385248263,0.1461755531296678,0.15853571442553707,0.15531107618692266,10.151984239482259,17.944192339787907,10.0,-10.0,5.006517,0
1791355452.3253455,stand,-0.5741204306547101,-0.06826739261908753,0.1742219341098253,0.16744347296456943,0.1587367599348842,0.15553906757716898,-16.555709784696244,-15.966982625149878,-10.0,10.0,5.002292,0
1791355452.3353431,stand,-0.5919719316741816,-0.08747378393446002,0.15588314411273604,0.1513360069704212,0.15893779858866997,0.15576706290915587,14.130636605936814,13.929291546103817,10.0,-10.0,5.006805,0
1791355452.3453388,stand,-0.6147491272632659,-0.09039344678448875,0.1725820892583409,0.16600148785983557,0.15913883846731408,0.1559950582411428,-14.563392942027209,-12.445305226753591,-10.0,10.0,5.006165,0
1791355452.3553402,stand,-0.6227715511540908,-0.10315929034207685,0.15733017767492985,0.15608984634806924,0.159339881746506,0.15622304837691267,12.990263311176871,9.920303108003138,10.0,-10.0,4.998549,0
1791355452.3653436,stand,-0.662656309315111,-0.10890804261127134,0.17114529419095692,0.16517698693988053,0.15954092502569792,0.15645103846340705,-12.975609796588278,-9.662601055149903,-10.0,10.0,5.004309,0
1791355452.3759067,stand,-0.6544409967100456,-0.11382592311607365,0.15898356528241395,0.15650328037495373,0.15974193749463422,0.15667903239281858,11.221200042519712,10.166208319549543,10.0,-10.0,5.005237,0
1791355452.385318,stand,-0.7022411999944259,-0.11644022291773043,0.17155594188928217,0.16001666230034847,0.15994293708144489,0.1569070277248055,-12.919706632144253,-3.8917064154129517,-10.0,4.804575821497471,5.150586,0
1791355452.3953564,stand,-0.6726691406104683,-0.1321352710755647,0.16414578558819098,0.16125601226737496,0.16014393734091958,0.15713502056690268,6.546425209072033,2.339077710375257,8.082006430953125,-2.887750259722539,5.005941,0
1791355452.4053438,stand,-0.7326566626722079,-0.1337569800276755,0.1697068941730331,0.15919018699701698,0.16034494155223758,0.15736301065339706,-8.354326332701836,-0.8727156492164523,-10.0,1.0774267274277187,5.004053,0
1791355452.4153564,stand,-0.6992993923112214,-0.14417796570029953,0.16847276251401083,0.16455832645075294,0.1605459457635556,0.1575909922801572,1.2541217617665692,-1.2902515817820657,1.548298471316752,1.5929031873852662,5.008821,0
1791355452.4253411,stand,-0.7553257059419956,-0.14077972012576445,0.16435206375985217,0.15484952970695817,0.16074690149426601,0.15781894332400656,0.5636726788350698,6.6945806191593755,0.6958921960926787,-8.264914344641204,5.00402,0
1791355452.4353232,stand,-0.7310364992541991,-0.14814687228120552,0.17135064594051866,0.16476459693831647,0.16094782294712653,0.15804689436785596,-4.4636765278189845,-3.881940476908376,-5.510711762739486,4.792519107294291,5.001141,0
1791355452.4453328,stand,-0.7700077646451933,-0.13986206118977038,0.16042988004171907,0.14741291417370306,0.1611487445206478,0.15827484038362727,6.749931388245052,16.10125462732302,8.333248627463027,-10.0,5.005173,0
1791355452.4553301,stand,-0.7432997356237184,-0.13883843102335244,0.17483627906516003,0.16497079193909853,0.161349670596218,0.15850278618300306,-10.335646456993992,-9.34096653606972,-10.0,10.0,5.006069,0
1791355452.4653287,stand,-0.768048408631195,-0.13497770062128914,0.1583636148785804,0.144527273662407,0.16155059667178814,0.15873070094838193,11.10617491238041,19.863500294698586,10.0,-10.0,5.005045,0
1791355452.4777598,stand,-0.7517437974352772,-0.11576662410895784,0.17524567919433012,0.16497079193909853,0.1617515023681354,0.15895860246063914,-12.46153907528125,-10.917636222500569,-10.0,10.0,5.005269,0
1791355452.4853213,stand,-0.7642423491122013,-0.12100906509641154,0.15588314411273604,0.14308662699102137,0.16195238475402082,0.15918650629444922,15.633944795758355,22.20862454166969,10.0,-10.0,5.0018769999999995,0
1791355452.4953332,stand,-0.7381056794587193,-0.11105533595720984,0.17135064594051866,0.1641457682231804,0.16215326713990627,0.15941441305016105,-10.04829878645884,-11.289085919686325,-10.0,10.0,5.006005,0
1791355452.5053277,stand,-0.7623995596533201,-0.1081574145191554,0.15360929220083647,0.14638173284151798,0.162354118291923,0.15964231065204978,17.425741174032282,19.27373056036177,10.0,-10.0,4.99778,0
1791355452.5153296,stand,-0.7529365140861383,-0.1044300723784252,0.16888426242540838,0.16352686515889286,0.16255496623174537,0.1598701678771884,-10.117043165237545,-10.257080711449106,-10.0,10.0,5.001844999999999,0
1791355452.5253282,stand,-0.7483759382898163,-0.10101634428738497,0.15443610395470128,0.1554696834637301,0.16275579900753434,0.16009802510232704,15.714798887129572,10.72686954302971,10.0,-10.0,5.008373,0
1791355452.535336,fault,-0.7781385603098752,-0.09531354870122234,0.15319593420446628,0.14741291417370306,0.16275579900753434,0.16009802510232704,15.714798887129572,10.72686954302971,10.0,-10.0,21.046073,1
1791355452.5513504,fault,-0.7781385603098752,-0.09531354870122234,0.15319593420446628,0.14741291417370306,0.16275579900753434,0.16009802510232704,15.714798887129572,10.72686954302971,10.0,-10.0,0.002688,1
1791355452.5553498,fault,-0.8097994939097776,-0.07987521577089338,0.15381597381458612,0.147206612350692,0.16275579900753434,0.16009802510232704,15.714798887129572,10.72686954302971,10.0,-10.0,3.9315019999999996,1
1791355452.565329,fault,-0.7970178200195056,-0.0904689025919672,0.16042988004171907,0.15216252067082905,0.16275579900753434,0.16009802510232704,15.714798887129572,10.72686954302971,10.0,-10.0,5.006645,1
1791355452.5753305,fault,-0.8174541501725541,-0.09267399132958876,0.15629658076370626,0.14947695778662332,0.16275579900753434,0.16009802510232704,15.714798887129572,10.72686954302971,10.0,-10.0,5.0013,1
1791355452.585311,fault,-0.8167819918573563,-0.09014601062220234,0.15484954710955331,0.14823827623012087,0.16275579900753434,0.16009802510232704,15.714798887129572,10.72686954302971,10.0,-10.0,4.996949,1
1791355452.5953336,fault,-0.8152116522375766,-0.08933695503137043,0.15691674111591877,0.14906401596684668,0.16275579900753434,0.16009802510232704,15.714798887129572,10.72686954302971,10.0,-10.0,5.0099409999999995,1
1791355452.6053164,fault,-0.8049275058925968,-0.09216756795018763,0.1583636148785804,0.15050958471111697,0.16275579900753434,0.16009802510232704,15.714798887129572,10.72686954302971,10.0,-10.0,5.002325,1
1791355452.6153212,fault,-0.7995495543402745,-0.09143066635757445,0.1598100831434199,0.1523691975294513,0.16275579900753434,0.16009802510232704,15.714798887129572,10.72686954302971,10.0,-10.0,5.007701,1
1791355452.6253607,fault,-0.7925536614529799,-0.09206985641613258,0.16063647834606967,0.15505624943684565,0.16275579900753434,0.16009802510232704,15.714798887129572,10.72686954302971,10.0,-10.0,5.017493,1
1791355452.6353233,fault,-0.7888341362458661,-0.09339935350795149,0.1612560296530678,0.15712344325929287,0.16275579900753434,0.16009802510232704,15.714798887129572,10.72686954302971,10.0,-10.0,5.0027729999999995,1
1791355452.6453416,fault,-0.7871373935496242,-0.09693943902188262,0.1612560296530678,0.15898354788697994,0.16275579900753434,0.16009802510232704,15.714798887129572,10.72686954302971,10.0,-10.0,4.998932,1
1791355452.655349,fault,-0.7904323078531299,-0.10149505105399868,0.16042988004171907,0.16042986264926531,0.16275579900753434,0.16009802510232704,15.714798887129572,10.72686954302971,10.0,-10.0,5.008948999999999,1
1791355452.6653159,fault,-0.7982569951373819,-0.10213910319835383,0.15898356528241395,0.15898354788697994,0.16275579900753434,0.16009802510232704,15.714798887129572,10.72686954302971,10.0,-10.0,5.0010129999999995,1
1791355452.675338,fault,-0.8051234434744727,-0.10229712410451579,0.15795025872164248,0.15712344325929287,0.16275579900753434,0.16009802510232704,15.714798887129572,10.72686954302971,10.0,-10.0,4.999413,1
1791355452.685313,fault,-0.8109308964556768,-0.10377074314994779,0.1577435771078928,0.15629656336151151,0.16275579900753434,0.16009802510232704,15.714798887129572,10.72686954302971,10.0,-10.0,5.001748999999999,1
1791355452.6953428,fault,-0.8136844794382039,-0.10325195590874604,0.15815693801995817,0.15629656336151151,0.16275579900753434,0.16009802510232704,15.714798887129572,10.72686954302971,10.0,-10.0,5.007765,1
1791355452.705338,fault,-0.8169474109988899,-0.10111583069522785,0.15877692857861173,0.15650328037495373,0.16275579900753434,0.16009802510232704,15.714798887129572,10.72686954302971,10.0,-10.0,4.993332,1
1791355452.7153184,fault,-0.8212871985677774,-0.0980999081439747,0.15898356528241395,0.15608984634806924,0.16275579900753434,0.16009802510232704,15.714798887129572,10.72686954302971,10.0,-10.0,5.011221,1
1791355452.725347,fault,-0.8262844326935338,-0.0960673745805709,0.15898356528241395,0.15567640494064736,0.16275579900753434,0.16009802510232704,15.714798887129572,10.72686954302971,10.0,-10.0,5.016694,1
1791355452.7353406,fault,-0.8298276839556684,-0.0949177685305651,0.15877692857861173,0.15588312671014087,0.16275579900753434,0.16009802510232704,15.714798887129572,10.72686954302971,10.0,-10.0,4.997173,1
1791355452.7453485,fault,-0.8317550352753537,-0.09262746016691359,0.15877692857861173,0.15608984634806924,0.16275579900753434,0.16009802510232704,15.714798887129572,10.72686954302971,10.0,-10.0,5.012949,1
1791355452.755341,fault,-0.8331425394645282,-0.08977397065599521,0.15877692857861173,0.15608984634806924,0.16275579900753434,0.16009802510232704,15.714798887129572,10.72686954302971,10.0,-10.0,4.994613,1
1791355452.7653441,fault,-0.8345890841938599,-0.08634612424929168,0.15877692857861173,0.15608984634806924,0.16275579900753434,0.16009802510232704,15.714798887129572,10.72686954302971,10.0,-10.0,5.0099409999999995,1
1791355452.775347,fault,-0.8356401180872809,-0.08268764043976225,0.1585702917372026,0.15608984634806924,0.16275579900753434,0.16009802510232704,15.714798887129572,10.72686954302971,10.0,-10.0,5.002644999999999,1
1791355452.7853394,fault,-0.836119082772997,-0.07946867793011164,0.1585702917372026,0.15650328037495373,0.16275579900753434,0.16009802510232704,15.714798887129572,10.72686954302971,10.0,-10.0,4.99794,1
1791355452.7953374,fault,-0.8362465476203319,-0.07643644936580062,0.1585702917372026,0.15712344325929287,0.16275579900753434,0.16009802510232704,15.714798887129572,10.72686954302971,10.0,-10.0,5.002516,1
1791355452.8053424,fault,-0.8360913360365564,-0.07408554685023669,0.1585702917372026,0.15774355970867812,0.16275579900753434,0.16009802510232704,15.714798887129572,10.72686954302971,10.0,-10.0,5.00482,1
1791355452.815343,fault,-0.8360227766220213,-0.07188780448831203,0.1585702917372026,0.15815692062114378,0.16275579900753434,0.16009802510232704,15.714798887129572,10.72686954302971,10.0,-10.0,5.003445,1
1791355452.8253338,fault,-0.836157600754963,-0.0699567990453749,0.1585702917372026,0.15836359747976603,0.16275579900753434,0.16009802510232704,15.714798887129572,10.72686954302971,10.0,-10.0,5.009717,1
1791355452.8353453,fault,-0.8364295728058633,-0.0682928354020375,0.1585702917372026,0.15857027433838822,0.16275579900753434,0.16009802510232704,15.714798887129572,10.72686954302971,10.0,-10.0,5.005621,1
1791355452.8453457,fault,-0.8365663421051289,-0.06683161084962479,0.1585702917372026,0.15898354788697994,0.16275579900753434,0.16009802510232704,15.714798887129572,10.72686954302971,10.0,-10.0,4.999477,1
1791355452.8553522,fault,-0.8369602074231844,-0.06570696556210381,0.1585702917372026,0.15919018699701698,0.16275579900753434,0.16009802510232704,15.714798887129572,10.72686954302971,10.0,-10.0,4.996277,1
1791355452.8653343,fault,-0.8379617904601494,-0.0648973533486719,0.1585702917372026,0.15939682845502273,0.16275579900753434,0.16009802510232704,15.714798887129572,10.72686954302971,10.0,-10.0,5.009717,1
1791355452.8753574,fault,-0.8393167221679041,-0.06428055140651258,0.1585702917372026,0.15939682845502273,0.16275579900753434,0.16009802510232704,15.714798887129572,10.72686954302971,10.0,-10.0,5.007413,1
1791355452.8853445,fault,-0.8409306431385646,-0.06342096662353422,0.1585702917372026,0.15960346920238408,0.16275579900753434,0.16009802510232704,15.714798887129572,10.72686954302971,10.0,-10.0,5.003604999999999,1
1791355452.89532,fault,-0.8426352688532927,-0.06224747499399303,0.1585702917372026,0.15981006575136628,0.16275579900753434,0.16009802510232704,15.714798887129572,10.72686954302971,10.0,-10.0,5.001237,1
1791355452.90534,fault,-0.8443281687550866,-0.060724222261980584,0.15877692857861173,0.16022326134700343,0.16275579900753434,0.16009802510232704,15.714798887129572,10.72686954302971,10.0,-10.0,5.000213,1
1791355452.9153137,fault,-0.8461063788356553,-0.05920814066794124,0.15898356528241395,0.1606364609607768,0.16275579900753434,0.16009802510232704,15.714798887129572,10.72686954302971,10.0,-10.0,5.004659999999999,1
1791355452.9253263,fault,-0.8479891254369846,-0.05763262028276296,0.1591902043928512,0.16104949343946115,0.16275579900753434,0.16009802510232704,15.714798887129572,10.72686954302971,10.0,-10.0,5.00034,1
1791355452.93532,fault,-0.8492539416748309,-0.05571554800206969,0.15939684585085695,0.16146253325814908,0.16275579900753434,0.16009802510232704,15.714798887129572,10.72686954302971,10.0,-10.0,5.007445,1
1791355452.9453187,fault,-0.850251937705383,-0.053681571944331395,0.1596034865944377,0.1618755278863036,0.16275579900753434,0.16009802510232704,15.714798887129572,10.72686954302971,10.0,-10.0,5.005237,1
1791355452.9553356,fault,-0.850722580409971,-0.05164169776955208,0.1600166796924021,0.1622884600820719,0.16275579900753434,0.16009802510232704,15.714798887129572,10.72686954302971,10.0,-10.0,5.000020999999999,1
1791355452.9653215,fault,-0.8506317509639926,-0.04955237922711938,0.16022327873945721,0.16270133812536872,0.16275579900753434,0.16009802510232704,15.714798887129572,10.72686954302971,10.0,-10.0,5.008052999999999,1
1791355452.9758713,fault,-0.8499534160246115,-0.04761300021733196,0.16063647834606967,0.16311412967513292,0.16275579900753434,0.16009802510232704,15.714798887129572,10.72686954302971,10.0,-10.0,4.997237,1
1791355452.985323,fault,-0.848848523921966,-0.04585367479610201,0.16084299458541182,0.16332050479109425,0.16275579900753434,0.16009802510232704,15.714798887129572,10.72686954302971,10.0,-10.0,5.001652,1
1791355452.9953287,fault,-0.8475968643470315,-0.04424358022309905,0.1612560296530678,0.16373321760233625,0.16275579900753434,0.16009802510232704,15.714798887129572,10.72686954302971,10.0,-10.0,5.002708999999999,1
1791355453.0053282,fault,-0.8463678442316904,-0.04271421781035379,0.16187554526821607,0.1639394929127583,0.16275579900753434,0.16009802510232704,15.714798887129572,10.72686954302971,10.0,-10.0,5.000277,1
1791355453.0153222,fault,-0.8450805384107141,-0.04093097747474887,0.16228847746100386,0.16455832645075294,0.16275579900753434,0.16009802510232704,15.714798887129572,10.72686954302971,10.0,-10.0,4.996821,1
1791355453.02536,fault,-0.8438732701052469,-0.03866245741370269,0.16290775127540255,0.16497079193909853,0.16275579900753434,0.16009802510232704,15.714798887129572,10.72686954302971,10.0,-10.0,5.020309999999999,1
1791355453.0353296,fault,-0.8427119698046462,-0.03624201759325918,0.16373323496734682,0.16538313492721082,0.16275579900753434,0.16009802510232704,15.714798887129572,10.72686954302971,10.0,-10.0,4.999156,1
1791355453.0453238,fault,-0.8415706372920045,-0.03356947513925933,0.16414578558819098,0.16600148785983557,0.16275579900753434,0.16009802510232704,15.714798887129572,10.72686954302971,10.0,-10.0,5.004436999999999,1
1791355453.0553617,fault,-0.8402495392718204,-0.030991833271415758,0.16455834381616302,0.16641364300750133,0.16275579900753434,0.16009802510232704,15.714798887129572,10.72686954302971,10.0,-10.0,4.995924,1
1791355453.0653367,fault,-0.8389666840292108,-0.028635660703026523,0.16497080929734834,0.16661964197360501,0.16275579900753434,0.16009802510232704,15.714798887129572,10.72686954302971,10.0,-10.0,5.015574,1
1791355453.075366,fault,-0.8377153669656666,-0.02610922640436482,0.1653831522790991,0.16682563415302964,0.16275579900753434,0.16009802510232704,15.714798887129572,10.72686954302971,10.0,-10.0,5.00242,1
1791355453.0853286,fault,-0.8363661013938833,-0.02352389312115026,0.16579539052018263,0.16703158822489156,0.16275579900753434,0.16009802510232704,15.714798887129572,10.72686954302971,10.0,-10.0,5.004085,1
1791355453.0953403,fault,-0.8350336004510747,-0.02108204016807504,0.16600150521132462,0.16703158822489156,0.16275579900753434,0.16009802510232704,15.714798887129572,10.72686954302971,10.0,-10.0,5.0010769999999996,1
1791355453.1053407,fault,-0.8339642292977879,-0.018745693723231076,0.16641366034924823,0.16703158822489156,0.16275579900753434,0.16009802510232704,15.714798887129572,10.72686954302971,10.0,-10.0,5.046965999999999,1
1791355453.115314,fault,-0.8331595822399169,-0.016324368626678673,0.16661965931535191,0.16703158822489156,0.16275579900753434,0.16009802510232704,15.714798887129572,10.72686954302971,10.0,-10.0,4.99442,1
1791355453.1253545,fault,-0.8328943944873367,-0.013859996739922125,0.16682565149099718,0.16682563415302964,0.16275579900753434,0.16009802510232704,15.714798887129572,10.72686954302971,10.0,-10.0,5.004117,1
1791355453.1353436,fault,-0.8330003402382369,-0.010847211831855486,0.16682565149099718,0.16682563415302964,0.16275579900753434,0.16009802510232704,15.714798887129572,10.72686954302971,10.0,-10.0,5.0005,1
1791355453.1453447,fault,-0.8337004779108304,-0.0072876828086259424,0.1670316055628591,0.16682563415302964,0.16275579900753434,0.16009802510232704,15.714798887129572,10.72686954302971,10.0,-10.0,5.009397,1
1791355453.155357,fault,-0.8350459201543113,-0.003638104241380578,0.16682565149099718,0.16661964197360501,0.16275579900753434,0.16009802510232704,15.714798887129572,10.72686954302971,10.0,-10.0,5.001493,1
1791355453.1653395,fault,-0.8367316140848766,0.00010104857099469002,0.16682565149099718,0.16661964197360501,0.16275579900753434,0.16009802510232704,15.714798887129572,10.72686954302971,10.0,-10.0,5.0054929999999995,1
1791355453.1754036,fault,-0.8381025837476739,0.0037536783231824134,0.16682565149099718,0.16661964197360501,0.16275579900753434,0.16009802510232704,15.714798887129572,10.72686954302971,10.0,-10.0,4.9965969999999995,1
1791355453.1853218,fault,-0.8394915056637726,0.00710100661888908,0.16682565149099718,0.16661964197360501,0.16275579900753434,0.16009802510232704,15.714798887129572,10.72686954302971,10.0,-10.0,5.005525,1
1791355453.195318,fault,-0.8405181656240697,0.010208202667690788,0.16682565149099718,0.16661964197360501,0.16275579900753434,0.16009802510232704,15.714798887129572,10.72686954302971,10.0,-10.0,5.002901,1
1791355453.2053118,fault,-0.8410117597349561,0.013368926886407728,0.16682565149099718,0.16661964197360501,0.16275579900753434,0.16009802510232704,15.714798887129572,10.72686954302971,10.0,-10.0,4.997844,1
1791355453.2153277,fault,-0.8410885380957143,0.016489137214585465,0.16661965931535191,0.16641364300750133,0.16275579900753434,0.16009802510232704,15.714798887129572,10.72686954302971,10.0,-10.0,5.007893,1
1791355453.2253394,fault,-0.8413910299775648,0.019745115762711287,0.16661965931535191,0.16641364300750133,0.16275579900753434,0.16009802510232704,15.714798887129572,10.72686954302971,10.0,-10.0,5.002037,1
1791355453.2353382,fault,-0.8416021155245818,0.023151415809399063,0.16682565149099718,0.16641364300750133,0.16275579900753434,0.16009802510232704,15.714798887129572,10.72686954302971,10.0,-10.0,4.999541,1
1791355453.2453446,fault,-0.8416232878647607,0.0269456705156669,0.16682565149099718,0.16641364300750133,0.16275579900753434,0.16009802510232704,15.714798887129572,10.72686954302971,10.0,-10.0,4.999477,1
1791355453.2553422,fault,-0.8428247957135394,0.03024468156177465,0.16661965931535191,0.16641364300750133,0.16275579900753434,0.16009802510232704,15.714798887129572,10.72686954302971,10.0,-10.0,5.003189,1
1791355453.265346,fault,-0.8447082080344921,0.032182851188649164,0.16661965931535191,0.16641364300750133,0.16275579900753434,0.16009802510232704,15.714798887129572,10.72686954302971,10.0,-10.0,5.003509,1
1791355453.2753737,fault,-0.8457966574627501,0.03340061293569143,0.16661965931535191,0.16641364300750133,0.16275579900753434,0.16009802510232704,15.714798887129572,10.72686954302971,10.0,-10.0,5.013589,1
1791355453.2853177,fault,-0.8469720403968718,0.033996534473750374,0.16661965931535191,0.16661964197360501,0.16275579900753434,0.16009802510232704,15.714798887129572,10.72686954302971,10.0,-10.0,4.991765,1
1791355453.2953374,fault,-0.8481999828351807,0.03413332549176688,0.16661965931535191,0.16682563415302964,0.16275579900753434,0.16009802510232704,15.714798887129572,10.72686954302971,10.0,-10.0,5.0037009999999995,1
1791355453.3053324,fault,-0.8497994733872035,0.033816539446601714,0.16682565149099718,0.16703158822489156,0.16275579900753434,0.16009802510232704,15.714798887129572,10.72686954302971,10.0,-10.0,5.001589,1
1791355453.3153434,fault,-0.85098793049094,0.032275646623552055,0.16723755963472103,0.16723754229675347,0.16275579900753434,0.16009802510232704,15.714798887129572,10.72686954302971,10.0,-10.0,5.001429,1
1791355453.32534,fault,-0.85166998992754,0.029884859822320125,0.16785531310060556,0.16764939161918538,0.16275579900753434,0.16009802510232704,15.714798887129572,10.72686954302971,10.0,-10.0,5.002389,1
1791355453.3353488,fault,-0.8519108151467615,0.0270508967120806,0.16847276251401083,0.16806112938018106,0.16275579900753434,0.16009802510232704,15.714798887129572,10.72686954302971,10.0,-10.0,5.008501,1
1791355453.3453372,fault,-0.8528431881492368,0.024793207079359374,0.16929560840165203,0.16806112938018106,0.16275579900753434,0.16009802510232704,15.714798887129572,10.72686954302971,10.0,-10.0,5.007061,1
1791355453.355333,fault,-0.8539549312981707,0.022591707901024705,0.16991250553900494,0.16806112938018106,0.16275579900753434,0.16009802510232704,15.714798887129572,10.72686954302971,10.0,-10.0,5.006517,1
1791355453.3653247,fault,-0.8548009270991123,0.020146702830758662,0.17093994244139524,0.16806112938018106,0.16275579900753434,0.16009802510232704,15.714798887129572,10.72686954302971,10.0,-10.0,5.003253,1
1791355453.3753588,fault,-0.8555289526901038,0.01735563131837433,0.17176121805199598,0.16826696298758292,0.16275579900753434,0.16009802510232704,15.714798887129572,10.72686954302971,10.0,-10.0,4.997396999999999,1
1791355453.385328,fault,-0.8563314478928095,0.014247396525281567,0.1725820892583409,0.16826696298758292,0.16275579900753434,0.16009802510232704,15.714798887129572,10.72686954302971,10.0,-10.0,5.006709,1
1791355453.3953397,fault,-0.8573586215548447,0.011341457277158231,0.17319732812355867,0.16826696298758292,0.16275579900753434,0.16009802510232704,15.714798887129572,10.72686954302971,10.0,-10.0,5.000052,1
1791355453.4053385,fault,-0.8584130340304997,0.008577249935818343,0.17401710437292386,0.16826696298758292,0.16275579900753434,0.16009802510232704,15.714798887129572,10.72686954302971,10.0,-10.0,5.0037329999999995,1
1791355453.415354,fault,-0.8592389855034108,0.006367508272946608,0.17463152963789857,0.16826696298758292,0.16275579900753434,0.16009802510232704,15.714798887129572,10.72686954302971,10.0,-10.0,5.003699999999999,1
1791355453.4253252,fault,-0.8600287849847082,0.004336390346346377,0.17524567919433012,0.16826696298758292,0.16275579900753434,0.16009802510232704,15.714798887129572,10.72686954302971,10.0,-10.0,4.993844,1
1791355453.435325,fault,-0.8606673539969418,0.0024334672823191125,0.17585947341231709,0.16826696298758292,0.16275579900753434,0.16009802510232704,15.714798887129572,10.72686954302971,10.0,-10.0,5.009205,1
1791355453.4453232,fault,-0.8612810165784333,0.0005514722815967366,0.17626841731046197,0.16806112938018106,0.16275579900753434,0.16009802510232704,15.714798887129572,10.72686954302971,10.0,-10.0,4.999413,1
1791355453.455325,fault,-0.9409618446940846,-0.03775580590592003,0.1768815599954663,0.16806112938018106,0.16275579900753434,0.16009802510232704,15.714798887129572,10.72686954302971,10.0,-10.0,4.999476,1
1791355453.465319,fault,-0.9413756259532904,-0.039383149307322486,0.17749433221431168,0.16806112938018106,0.16275579900753434,0.16009802510232704,15.714798887129572,10.72686954302971,10.0,-10.0,5.001844999999999,1
1791355453.4753485,fault,-0.9417989539884453,-0.04072875615704621,0.1779026388146077,0.16806112938018106,0.16275579900753434,0.16009802510232704,15.714798887129572,10.72686954302971,10.0,-10.0,5.005332999999999,1
1791355453.4853334,fault,-0.9418162580208587,-0.04160631712017205,0.17810672918053205,0.16806112938018106,0.16275579900753434,0.16009802510232704,15.714798887129572,10.72686954302971,10.0,-10.0,5.003157,1
1791355453.4953272,fault,-0.9418213185018143,-0.04267881787991757,0.17831072035944173,0.16806112938018106,0.16275579900753434,0.16009802510232704,15.714798887129572,10.72686954302971,10.0,-10.0,5.007733,1
1791355453.5053272,fault,-0.9410950016612984,-0.04378242273780101,0.17831072035944173,0.16806112938018106,0.16275579900753434,0.16009802510232704,15.714798887129572,10.72686954302971,10.0,-10.0,5.003285,1
1791355453.5153341,fault,-0.9399555565054032,-0.045198711778551046,0.17851471153835144,0.16806112938018106,0.16275579900753434,0.16009802510232704,15.714798887129572,10.72686954302971,10.0,-10.0,4.999445,1
1791355453.525328,fault,-0.938704616575616,-0.0468134423958123,0.17851471153835144,0.16806112938018106,0.16275579900753434,0.16009802510232704,15.714798887129572,10.72686954302971,10.0,-10.0,5.001237,1
1791355453.5353296,disarmed,-0.9374466515736933,-0.048390812457297344,0.17871862846041217,0.16806112938018106,0.16275579900753434,0.16009802510232704,15.714798887129572,10.72686954302971,10.0,-10.0,5.011061,1
1791355453.5453525,disarmed,-0.9357658337235097,-0.049665675464638494,0.1789225346364533,0.16785529577277916,0.16275579900753434,0.16009802510232704,15.714798887129572,10.72686954302971,10.0,-10.0,5.005876,1
1791355453.5553598,disarmed,-0.9335920360477828,-0.050793736999237955,0.1791264118333987,0.16744347296456943,0.16275579900753434,0.16009802510232704,15.714798887129572,10.72686954302971,10.0,-10.0,5.004853,1
